[{"model": "admin.logentry", "pk": 1, "fields": {"action_time": "2024-01-29T06:53:43.257Z", "user": 1, "content_type": 6, "object_id": "1", "object_repr": "Ecoproduct", "action_flag": 1, "change_message": "[{\"added\": {}}]"}}, {"model": "admin.logentry", "pk": 2, "fields": {"action_time": "2024-01-29T06:54:09.716Z", "user": 1, "content_type": 6, "object_id": "2", "object_repr": "Ecoproduct", "action_flag": 1, "change_message": "[{\"added\": {}}]"}}, {"model": "admin.logentry", "pk": 3, "fields": {"action_time": "2024-01-29T06:55:16.207Z", "user": 1, "content_type": 7, "object_id": "1", "object_repr": "Crunchy", "action_flag": 1, "change_message": "[{\"added\": {}}]"}}, {"model": "admin.logentry", "pk": 4, "fields": {"action_time": "2024-01-29T06:55:35.116Z", "user": 1, "content_type": 7, "object_id": "2", "object_repr": "Küncüt", "action_flag": 1, "change_message": "[{\"added\": {}}]"}}, {"model": "admin.logentry", "pk": 5, "fields": {"action_time": "2024-01-29T06:56:01.576Z", "user": 1, "content_type": 7, "object_id": "3", "object_repr": "Kətan", "action_flag": 1, "change_message": "[{\"added\": {}}]"}}, {"model": "admin.logentry", "pk": 6, "fields": {"action_time": "2024-01-29T06:56:37.601Z", "user": 1, "content_type": 7, "object_id": "4", "object_repr": "Səhər yeməkləri", "action_flag": 1, "change_message": "[{\"added\": {}}]"}}, {"model": "admin.logentry", "pk": 7, "fields": {"action_time": "2024-01-29T06:57:24.118Z", "user": 1, "content_type": 7, "object_id": "5", "object_repr": "Xlepsi", "action_flag": 1, "change_message": "[{\"added\": {}}]"}}, {"model": "admin.logentry", "pk": 8, "fields": {"action_time": "2024-01-29T06:57:54.188Z", "user": 1, "content_type": 7, "object_id": "6", "object_repr": "Çətənə məhsulları", "action_flag": 1, "change_message": "[{\"added\": {}}]"}}, {"model": "admin.logentry", "pk": 9, "fields": {"action_time": "2024-01-29T06:58:03.097Z", "user": 1, "content_type": 7, "object_id": "6", "object_repr": "Çətənə məhsulları", "action_flag": 2, "change_message": "[]"}}, {"model": "admin.logentry", "pk": 10, "fields": {"action_time": "2024-01-29T06:59:44.520Z", "user": 1, "content_type": 10, "object_id": "1", "object_repr": "Sante", "action_flag": 1, "change_message": "[{\"added\": {}}]"}}, {"model": "admin.logentry", "pk": 11, "fields": {"action_time": "2024-01-29T07:00:01.307Z", "user": 1, "content_type": 8, "object_id": "1", "object_repr": "Xırçıldayan gavalı batonu", "action_flag": 1, "change_message": "[{\"added\": {}}]"}}, {"model": "admin.logentry", "pk": 12, "fields": {"action_time": "2024-01-29T07:01:57.630Z", "user": 1, "content_type": 8, "object_id": "2", "object_repr": "Meyvə batonu \"Hemps fruit\" çətənəli", "action_flag": 1, "change_message": "[{\"added\": {}}]"}}, {"model": "admin.logentry", "pk": 13, "fields": {"action_time": "2024-01-29T07:03:18.663Z", "user": 1, "content_type": 7, "object_id": "7", "object_repr": "Protein", "action_flag": 1, "change_message": "[{\"added\": {}}]"}}, {"model": "admin.logentry", "pk": 14, "fields": {"action_time": "2024-01-29T07:03:37.336Z", "user": 1, "content_type": 7, "object_id": "7", "object_repr": "Protein", "action_flag": 2, "change_message": "[{\"changed\": {\"fields\": [\"Image\"]}}]"}}, {"model": "admin.logentry", "pk": 15, "fields": {"action_time": "2024-01-29T07:04:22.389Z", "user": 1, "content_type": 8, "object_id": "3", "object_repr": "Go On vanilli baton", "action_flag": 1, "change_message": "[{\"added\": {}}]"}}, {"model": "admin.logentry", "pk": 16, "fields": {"action_time": "2024-01-29T07:04:33.693Z", "user": 1, "content_type": 8, "object_id": "3", "object_repr": "Go On vanilli baton", "action_flag": 2, "change_message": "[{\"changed\": {\"fields\": [\"Is main page\"]}}]"}}, {"model": "admin.logentry", "pk": 17, "fields": {"action_time": "2024-01-29T07:05:18.202Z", "user": 1, "content_type": 16, "object_id": "1", "object_repr": "Sizin şokoladlı məhsullarınız var?", "action_flag": 1, "change_message": "[{\"added\": {}}]"}}, {"model": "admin.logentry", "pk": 18, "fields": {"action_time": "2024-01-29T07:05:30.452Z", "user": 1, "content_type": 16, "object_id": "2", "object_repr": "Aktiv idman edənlər üçün Ecoproduct-un hansı məhsulları tövsiyə olunur?", "action_flag": 1, "change_message": "[{\"added\": {}}]"}}, {"model": "admin.logentry", "pk": 19, "fields": {"action_time": "2024-01-29T07:05:42.655Z", "user": 1, "content_type": 16, "object_id": "3", "object_repr": "Niyə bitki mənşəli südlər faydalı hesab olunur?", "action_flag": 1, "change_message": "[{\"added\": {}}]"}}, {"model": "admin.logentry", "pk": 20, "fields": {"action_time": "2024-01-29T07:05:54.372Z", "user": 1, "content_type": 16, "object_id": "4", "object_repr": "Şirniyyat yemədən hansı məhsullarla enerjimi təmin edə bilərəm?", "action_flag": 1, "change_message": "[{\"added\": {}}]"}}, {"model": "admin.logentry", "pk": 21, "fields": {"action_time": "2024-01-29T07:06:23.574Z", "user": 1, "content_type": 14, "object_id": "1", "object_repr": "KONOPLEKTIKA", "action_flag": 1, "change_message": "[{\"added\": {}}]"}}, {"model": "admin.logentry", "pk": 22, "fields": {"action_time": "2024-01-29T07:06:45.318Z", "user": 1, "content_type": 14, "object_id": "2", "object_repr": "Kupiec", "action_flag": 1, "change_message": "[{\"added\": {}}]"}}, {"model": "admin.logentry", "pk": 23, "fields": {"action_time": "2024-01-29T07:07:04.096Z", "user": 1, "content_type": 14, "object_id": "3", "object_repr": "Kompas Zdorovie", "action_flag": 1, "change_message": "[{\"added\": {}}]"}}, {"model": "admin.logentry", "pk": 24, "fields": {"action_time": "2024-01-29T07:07:19.647Z", "user": 1, "content_type": 14, "object_id": "4", "object_repr": "Sante - ecoproduct", "action_flag": 1, "change_message": "[{\"added\": {}}]"}}, {"model": "admin.logentry", "pk": 25, "fields": {"action_time": "2024-01-29T07:07:53.426Z", "user": 1, "content_type": 10, "object_id": "2", "object_repr": "Hemps fruit", "action_flag": 1, "change_message": "[{\"added\": {}}]"}}, {"model": "admin.logentry", "pk": 26, "fields": {"action_time": "2024-01-29T07:08:06.893Z", "user": 1, "content_type": 10, "object_id": "3", "object_repr": "Go On protein", "action_flag": 1, "change_message": "[{\"added\": {}}]"}}, {"model": "admin.logentry", "pk": 27, "fields": {"action_time": "2024-01-29T07:08:15.820Z", "user": 1, "content_type": 10, "object_id": "4", "object_repr": "Компас Здоровья", "action_flag": 1, "change_message": "[{\"added\": {}}]"}}, {"model": "admin.logentry", "pk": 28, "fields": {"action_time": "2024-01-29T07:08:27.466Z", "user": 1, "content_type": 10, "object_id": "5", "object_repr": "KONOPLEKTIKA", "action_flag": 1, "change_message": "[{\"added\": {}}]"}}, {"model": "admin.logentry", "pk": 29, "fields": {"action_time": "2024-01-29T07:08:36.062Z", "user": 1, "content_type": 10, "object_id": "6", "object_repr": "Kupiec", "action_flag": 1, "change_message": "[{\"added\": {}}]"}}, {"model": "admin.logentry", "pk": 30, "fields": {"action_time": "2024-01-29T11:17:50.539Z", "user": 1, "content_type": 8, "object_id": "4", "object_repr": "Hemps fruit - çətənəli xaşxaş ilə", "action_flag": 1, "change_message": "[{\"added\": {}}]"}}, {"model": "admin.logentry", "pk": 31, "fields": {"action_time": "2024-01-29T11:21:22.647Z", "user": 1, "content_type": 8, "object_id": "5", "object_repr": "Hemps fruit - çətənəli", "action_flag": 1, "change_message": "[{\"added\": {}}]"}}, {"model": "admin.logentry", "pk": 32, "fields": {"action_time": "2024-01-29T11:28:08.733Z", "user": 1, "content_type": 8, "object_id": "6", "object_repr": "Qrilyajlı kətan batonu - Flaks baton, banan", "action_flag": 1, "change_message": "[{\"added\": {}}]"}}, {"model": "admin.logentry", "pk": 33, "fields": {"action_time": "2024-01-29T11:28:48.835Z", "user": 1, "content_type": 8, "object_id": "3", "object_repr": "Go On vanilli baton", "action_flag": 3, "change_message": ""}}, {"model": "admin.logentry", "pk": 34, "fields": {"action_time": "2024-01-29T11:28:48.838Z", "user": 1, "content_type": 8, "object_id": "2", "object_repr": "Meyvə batonu \"Hemps fruit\" çətənəli", "action_flag": 3, "change_message": ""}}, {"model": "admin.logentry", "pk": 35, "fields": {"action_time": "2024-01-29T11:28:48.840Z", "user": 1, "content_type": 8, "object_id": "1", "object_repr": "Xırçıldayan gavalı batonu", "action_flag": 3, "change_message": ""}}, {"model": "admin.logentry", "pk": 36, "fields": {"action_time": "2024-01-29T11:30:41.525Z", "user": 1, "content_type": 8, "object_id": "7", "object_repr": "Qrilyajlı kətan batonu - Flaks baton, kətan", "action_flag": 1, "change_message": "[{\"added\": {}}]"}}, {"model": "admin.logentry", "pk": 37, "fields": {"action_time": "2024-01-29T11:31:58.006Z", "user": 1, "content_type": 8, "object_id": "8", "object_repr": "Qrilyajlı kətan batonu - Flaks baton, miks", "action_flag": 1, "change_message": "[{\"added\": {}}]"}}, {"model": "admin.logentry", "pk": 38, "fields": {"action_time": "2024-01-29T11:33:00.144Z", "user": 1, "content_type": 8, "object_id": "9", "object_repr": "Qrilyajlı kətan batonu - Flaks baton, portağal", "action_flag": 1, "change_message": "[{\"added\": {}}]"}}, {"model": "admin.logentry", "pk": 39, "fields": {"action_time": "2024-01-29T11:33:56.024Z", "user": 1, "content_type": 8, "object_id": "10", "object_repr": "Qrilyajlı kətan batonu - Flaks baton, qaragavalı", "action_flag": 1, "change_message": "[{\"added\": {}}]"}}, {"model": "admin.logentry", "pk": 40, "fields": {"action_time": "2024-01-29T11:35:11.746Z", "user": 1, "content_type": 8, "object_id": "11", "object_repr": "Qrilyajlı kətan batonu - Flaks baton, quşüzümü", "action_flag": 1, "change_message": "[{\"added\": {}}]"}}, {"model": "admin.logentry", "pk": 41, "fields": {"action_time": "2024-01-29T11:36:44.625Z", "user": 1, "content_type": 8, "object_id": "12", "object_repr": "Qrilyajlı kətan batonu - Flaks baton, zəncəfil", "action_flag": 1, "change_message": "[{\"added\": {}}]"}}, {"model": "admin.logentry", "pk": 42, "fields": {"action_time": "2024-01-29T11:36:53.500Z", "user": 1, "content_type": 8, "object_id": "10", "object_repr": "Qrilyajlı kətan batonu - Flaks baton, qaragavalı", "action_flag": 2, "change_message": "[{\"changed\": {\"fields\": [\"Is main page\"]}}]"}}, {"model": "admin.logentry", "pk": 43, "fields": {"action_time": "2024-01-29T11:39:26.579Z", "user": 1, "content_type": 8, "object_id": "13", "object_repr": "Rafinə olunmamış çətənə yağı", "action_flag": 1, "change_message": "[{\"added\": {}}]"}}, {"model": "admin.logentry", "pk": 44, "fields": {"action_time": "2024-01-29T11:41:01.825Z", "user": 1, "content_type": 8, "object_id": "14", "object_repr": "Rafinə olunmamış kətan yağı", "action_flag": 1, "change_message": "[{\"added\": {}}]"}}, {"model": "admin.logentry", "pk": 45, "fields": {"action_time": "2024-01-29T11:44:26.573Z", "user": 1, "content_type": 8, "object_id": "15", "object_repr": "Kətan toxumları - selenium, xrom, silisium", "action_flag": 1, "change_message": "[{\"added\": {}}]"}}, {"model": "admin.logentry", "pk": 46, "fields": {"action_time": "2024-01-29T11:45:50.820Z", "user": 1, "content_type": 8, "object_id": "16", "object_repr": "Kətan unu - selenium, kalium, maqnezium", "action_flag": 1, "change_message": "[{\"added\": {}}]"}}, {"model": "admin.logentry", "pk": 47, "fields": {"action_time": "2024-01-29T11:46:54.379Z", "user": 1, "content_type": 8, "object_id": "17", "object_repr": "Kətan unu", "action_flag": 1, "change_message": "[{\"added\": {}}]"}}, {"model": "admin.logentry", "pk": 48, "fields": {"action_time": "2024-01-29T11:49:02.265Z", "user": 1, "content_type": 8, "object_id": "17", "object_repr": "Kətan unu", "action_flag": 2, "change_message": "[{\"added\": {\"name\": \"\\u015e\\u0259kil\", \"object\": \"K\\u0259tan unu | 1\"}}]"}}, {"model": "admin.logentry", "pk": 49, "fields": {"action_time": "2024-01-29T11:49:44.389Z", "user": 1, "content_type": 8, "object_id": "17", "object_repr": "Kətan unu", "action_flag": 2, "change_message": "[{\"added\": {\"name\": \"\\u015e\\u0259kil\", \"object\": \"K\\u0259tan unu | 2\"}}]"}}, {"model": "admin.logentry", "pk": 50, "fields": {"action_time": "2024-01-29T12:24:51.602Z", "user": 1, "content_type": 8, "object_id": "18", "object_repr": "Buğda əlavəsi olmayan qarğıdalı lopası", "action_flag": 1, "change_message": "[{\"added\": {}}]"}}, {"model": "admin.logentry", "pk": 51, "fields": {"action_time": "2024-01-29T12:28:20.798Z", "user": 1, "content_type": 8, "object_id": "19", "object_repr": "Yulaf və bal ilə dənli baton", "action_flag": 1, "change_message": "[{\"added\": {}}]"}}, {"model": "admin.logentry", "pk": 52, "fields": {"action_time": "2024-01-29T12:29:00.826Z", "user": 1, "content_type": 8, "object_id": "20", "object_repr": "Yulaf və quşüzümü ilə dənli baton", "action_flag": 1, "change_message": "[{\"added\": {}}]"}}, {"model": "admin.logentry", "pk": 53, "fields": {"action_time": "2024-01-29T12:29:37.804Z", "user": 1, "content_type": 8, "object_id": "21", "object_repr": "Yulaf və şokolad ilə dənli baton", "action_flag": 1, "change_message": "[{\"added\": {}}]"}}, {"model": "admin.logentry", "pk": 54, "fields": {"action_time": "2024-01-29T12:31:24.957Z", "user": 1, "content_type": 8, "object_id": "22", "object_repr": "Bananlı xırçıldayan", "action_flag": 1, "change_message": "[{\"added\": {}}]"}}, {"model": "admin.logentry", "pk": 55, "fields": {"action_time": "2024-01-29T12:32:49.633Z", "user": 1, "content_type": 8, "object_id": "23", "object_repr": "Go on Protein – qranul şokoladlı və albalı", "action_flag": 1, "change_message": "[{\"added\": {}}]"}}, {"model": "admin.logentry", "pk": 56, "fields": {"action_time": "2024-01-29T12:33:29.467Z", "user": 1, "content_type": 8, "object_id": "24", "object_repr": "Go on Protein – qranul şokoladlı və fındıqlı", "action_flag": 1, "change_message": "[{\"added\": {}}]"}}, {"model": "admin.logentry", "pk": 57, "fields": {"action_time": "2024-01-29T12:34:10.192Z", "user": 1, "content_type": 8, "object_id": "25", "object_repr": "Meyvəli xırçıldayan", "action_flag": 1, "change_message": "[{\"added\": {}}]"}}, {"model": "admin.logentry", "pk": 58, "fields": {"action_time": "2024-01-29T12:34:45.157Z", "user": 1, "content_type": 8, "object_id": "4", "object_repr": "Hemps fruit - çətənəli xaşxaş ilə", "action_flag": 2, "change_message": "[{\"added\": {\"name\": \"\\u015e\\u0259kil\", \"object\": \"Hemps fruit - \\u00e7\\u0259t\\u0259n\\u0259li xa\\u015fxa\\u015f il\\u0259 | 3\"}}]"}}, {"model": "admin.logentry", "pk": 59, "fields": {"action_time": "2024-01-29T12:34:58.301Z", "user": 1, "content_type": 8, "object_id": "5", "object_repr": "Hemps fruit - çətənəli", "action_flag": 2, "change_message": "[{\"added\": {\"name\": \"\\u015e\\u0259kil\", \"object\": \"Hemps fruit - \\u00e7\\u0259t\\u0259n\\u0259li | 4\"}}]"}}, {"model": "admin.logentry", "pk": 60, "fields": {"action_time": "2024-01-29T12:35:16.499Z", "user": 1, "content_type": 8, "object_id": "6", "object_repr": "Qrilyajlı kətan batonu - Flaks baton, banan", "action_flag": 2, "change_message": "[{\"added\": {\"name\": \"\\u015e\\u0259kil\", \"object\": \"Qrilyajl\\u0131 k\\u0259tan batonu - Flaks baton, banan | 5\"}}]"}}, {"model": "admin.logentry", "pk": 61, "fields": {"action_time": "2024-01-29T12:35:31.160Z", "user": 1, "content_type": 8, "object_id": "7", "object_repr": "Qrilyajlı kətan batonu - Flaks baton, kətan", "action_flag": 2, "change_message": "[{\"added\": {\"name\": \"\\u015e\\u0259kil\", \"object\": \"Qrilyajl\\u0131 k\\u0259tan batonu - Flaks baton, k\\u0259tan | 6\"}}]"}}, {"model": "admin.logentry", "pk": 62, "fields": {"action_time": "2024-01-29T12:35:47.392Z", "user": 1, "content_type": 8, "object_id": "8", "object_repr": "Qrilyajlı kətan batonu - Flaks baton, miks", "action_flag": 2, "change_message": "[{\"added\": {\"name\": \"\\u015e\\u0259kil\", \"object\": \"Qrilyajl\\u0131 k\\u0259tan batonu - Flaks baton, miks | 7\"}}]"}}, {"model": "admin.logentry", "pk": 63, "fields": {"action_time": "2024-01-29T12:36:04.867Z", "user": 1, "content_type": 8, "object_id": "9", "object_repr": "Qrilyajlı kətan batonu - Flaks baton, portağal", "action_flag": 2, "change_message": "[{\"added\": {\"name\": \"\\u015e\\u0259kil\", \"object\": \"Qrilyajl\\u0131 k\\u0259tan batonu - Flaks baton, porta\\u011fal | 8\"}}]"}}, {"model": "admin.logentry", "pk": 64, "fields": {"action_time": "2024-01-29T12:36:18.858Z", "user": 1, "content_type": 8, "object_id": "10", "object_repr": "Qrilyajlı kətan batonu - Flaks baton, qaragavalı", "action_flag": 2, "change_message": "[{\"added\": {\"name\": \"\\u015e\\u0259kil\", \"object\": \"Qrilyajl\\u0131 k\\u0259tan batonu - Flaks baton, qaragaval\\u0131 | 9\"}}]"}}, {"model": "admin.logentry", "pk": 65, "fields": {"action_time": "2024-01-29T12:36:32.996Z", "user": 1, "content_type": 8, "object_id": "11", "object_repr": "Qrilyajlı kətan batonu - Flaks baton, quşüzümü", "action_flag": 2, "change_message": "[{\"added\": {\"name\": \"\\u015e\\u0259kil\", \"object\": \"Qrilyajl\\u0131 k\\u0259tan batonu - Flaks baton, qu\\u015f\\u00fcz\\u00fcm\\u00fc | 10\"}}]"}}, {"model": "admin.logentry", "pk": 66, "fields": {"action_time": "2024-01-29T12:36:47.785Z", "user": 1, "content_type": 8, "object_id": "12", "object_repr": "Qrilyajlı kətan batonu - Flaks baton, zəncəfil", "action_flag": 2, "change_message": "[{\"added\": {\"name\": \"\\u015e\\u0259kil\", \"object\": \"Qrilyajl\\u0131 k\\u0259tan batonu - Flaks baton, z\\u0259nc\\u0259fil | 11\"}}]"}}, {"model": "admin.logentry", "pk": 67, "fields": {"action_time": "2024-01-29T12:37:05.895Z", "user": 1, "content_type": 8, "object_id": "13", "object_repr": "Rafinə olunmamış çətənə yağı", "action_flag": 2, "change_message": "[{\"added\": {\"name\": \"\\u015e\\u0259kil\", \"object\": \"Rafin\\u0259 olunmam\\u0131\\u015f \\u00e7\\u0259t\\u0259n\\u0259 ya\\u011f\\u0131 | 12\"}}]"}}, {"model": "admin.logentry", "pk": 68, "fields": {"action_time": "2024-01-29T12:37:18.443Z", "user": 1, "content_type": 8, "object_id": "14", "object_repr": "Rafinə olunmamış kətan yağı", "action_flag": 2, "change_message": "[{\"added\": {\"name\": \"\\u015e\\u0259kil\", \"object\": \"Rafin\\u0259 olunmam\\u0131\\u015f k\\u0259tan ya\\u011f\\u0131 | 13\"}}]"}}, {"model": "admin.logentry", "pk": 69, "fields": {"action_time": "2024-01-29T12:37:36.244Z", "user": 1, "content_type": 8, "object_id": "15", "object_repr": "Kətan toxumları - selenium, xrom, silisium", "action_flag": 2, "change_message": "[{\"added\": {\"name\": \"\\u015e\\u0259kil\", \"object\": \"K\\u0259tan toxumlar\\u0131 - selenium, xrom, silisium | 14\"}}]"}}, {"model": "admin.logentry", "pk": 70, "fields": {"action_time": "2024-01-29T12:37:47.765Z", "user": 1, "content_type": 8, "object_id": "16", "object_repr": "Kətan unu - selenium, kalium, maqnezium", "action_flag": 2, "change_message": "[{\"added\": {\"name\": \"\\u015e\\u0259kil\", \"object\": \"K\\u0259tan unu - selenium, kalium, maqnezium | 15\"}}]"}}, {"model": "admin.logentry", "pk": 71, "fields": {"action_time": "2024-01-29T12:38:24.617Z", "user": 1, "content_type": 8, "object_id": "17", "object_repr": "Kətan unu", "action_flag": 3, "change_message": ""}}, {"model": "admin.logentry", "pk": 72, "fields": {"action_time": "2024-01-29T12:39:47.988Z", "user": 1, "content_type": 8, "object_id": "26", "object_repr": "Kətan unu", "action_flag": 1, "change_message": "[{\"added\": {}}, {\"added\": {\"name\": \"\\u015e\\u0259kil\", \"object\": \"K\\u0259tan unu | 16\"}}]"}}, {"model": "admin.logentry", "pk": 73, "fields": {"action_time": "2024-01-29T12:40:22.688Z", "user": 1, "content_type": 8, "object_id": "18", "object_repr": "Buğda əlavəsi olmayan qarğıdalı lopası", "action_flag": 2, "change_message": "[{\"added\": {\"name\": \"\\u015e\\u0259kil\", \"object\": \"Bu\\u011fda \\u0259lav\\u0259si olmayan qar\\u011f\\u0131dal\\u0131 lopas\\u0131 | 17\"}}]"}}, {"model": "admin.logentry", "pk": 74, "fields": {"action_time": "2024-01-29T12:40:37.202Z", "user": 1, "content_type": 8, "object_id": "19", "object_repr": "Yulaf və bal ilə dənli baton", "action_flag": 2, "change_message": "[{\"added\": {\"name\": \"\\u015e\\u0259kil\", \"object\": \"Yulaf v\\u0259 bal il\\u0259 d\\u0259nli baton | 18\"}}]"}}, {"model": "admin.logentry", "pk": 75, "fields": {"action_time": "2024-01-29T12:40:47.150Z", "user": 1, "content_type": 8, "object_id": "20", "object_repr": "Yulaf və quşüzümü ilə dənli baton", "action_flag": 2, "change_message": "[{\"added\": {\"name\": \"\\u015e\\u0259kil\", \"object\": \"Yulaf v\\u0259 qu\\u015f\\u00fcz\\u00fcm\\u00fc il\\u0259 d\\u0259nli baton | 19\"}}]"}}, {"model": "admin.logentry", "pk": 76, "fields": {"action_time": "2024-01-29T12:40:57.416Z", "user": 1, "content_type": 8, "object_id": "21", "object_repr": "Yulaf və şokolad ilə dənli baton", "action_flag": 2, "change_message": "[{\"added\": {\"name\": \"\\u015e\\u0259kil\", \"object\": \"Yulaf v\\u0259 \\u015fokolad il\\u0259 d\\u0259nli baton | 20\"}}]"}}, {"model": "admin.logentry", "pk": 77, "fields": {"action_time": "2024-01-29T12:41:12.419Z", "user": 1, "content_type": 8, "object_id": "22", "object_repr": "Bananlı xırçıldayan", "action_flag": 2, "change_message": "[{\"added\": {\"name\": \"\\u015e\\u0259kil\", \"object\": \"Bananl\\u0131 x\\u0131r\\u00e7\\u0131ldayan | 21\"}}]"}}, {"model": "admin.logentry", "pk": 78, "fields": {"action_time": "2024-01-29T12:41:25.205Z", "user": 1, "content_type": 8, "object_id": "23", "object_repr": "Go on Protein – qranul şokoladlı və albalı", "action_flag": 2, "change_message": "[{\"added\": {\"name\": \"\\u015e\\u0259kil\", \"object\": \"Go on Protein \\u2013 qranul \\u015fokoladl\\u0131 v\\u0259 albal\\u0131 | 22\"}}]"}}, {"model": "admin.logentry", "pk": 79, "fields": {"action_time": "2024-01-29T12:41:35.589Z", "user": 1, "content_type": 8, "object_id": "24", "object_repr": "Go on Protein – qranul şokoladlı və fındıqlı", "action_flag": 2, "change_message": "[{\"added\": {\"name\": \"\\u015e\\u0259kil\", \"object\": \"Go on Protein \\u2013 qranul \\u015fokoladl\\u0131 v\\u0259 f\\u0131nd\\u0131ql\\u0131 | 23\"}}]"}}, {"model": "admin.logentry", "pk": 80, "fields": {"action_time": "2024-01-29T12:41:46.179Z", "user": 1, "content_type": 8, "object_id": "25", "object_repr": "Meyvəli xırçıldayan", "action_flag": 2, "change_message": "[{\"added\": {\"name\": \"\\u015e\\u0259kil\", \"object\": \"Meyv\\u0259li x\\u0131r\\u00e7\\u0131ldayan | 24\"}}]"}}, {"model": "admin.logentry", "pk": 81, "fields": {"action_time": "2024-01-29T12:43:00.674Z", "user": 1, "content_type": 8, "object_id": "27", "object_repr": "Qranul - dənəvər yer fındığı", "action_flag": 1, "change_message": "[{\"added\": {}}, {\"added\": {\"name\": \"\\u015e\\u0259kil\", \"object\": \"Qranul - d\\u0259n\\u0259v\\u0259r yer f\\u0131nd\\u0131\\u011f\\u0131 | 25\"}}]"}}, {"model": "admin.logentry", "pk": 82, "fields": {"action_time": "2024-01-29T12:44:24.099Z", "user": 1, "content_type": 8, "object_id": "28", "object_repr": "Qranul - qoz-fındıq, bal ilə lopalar", "action_flag": 1, "change_message": "[{\"added\": {}}, {\"added\": {\"name\": \"\\u015e\\u0259kil\", \"object\": \"Qranul - qoz-f\\u0131nd\\u0131q, bal il\\u0259 lopalar | 26\"}}]"}}, {"model": "admin.logentry", "pk": 83, "fields": {"action_time": "2024-01-29T12:45:05.509Z", "user": 1, "content_type": 8, "object_id": "29", "object_repr": "Qranul ağ şokolad çiyələkli", "action_flag": 1, "change_message": "[{\"added\": {}}, {\"added\": {\"name\": \"\\u015e\\u0259kil\", \"object\": \"Qranul a\\u011f \\u015fokolad \\u00e7iy\\u0259l\\u0259kli | 27\"}}]"}}, {"model": "admin.logentry", "pk": 84, "fields": {"action_time": "2024-01-29T12:46:23.550Z", "user": 1, "content_type": 8, "object_id": "30", "object_repr": "Qranul Belçika şokoladlı və portağal ilə lopalar", "action_flag": 1, "change_message": "[{\"added\": {}}, {\"added\": {\"name\": \"\\u015e\\u0259kil\", \"object\": \"Qranul Bel\\u00e7ika \\u015fokoladl\\u0131 v\\u0259 porta\\u011fal il\\u0259 lopalar | 28\"}}]"}}, {"model": "admin.logentry", "pk": 85, "fields": {"action_time": "2024-01-29T12:47:54.535Z", "user": 1, "content_type": 8, "object_id": "31", "object_repr": "Qranul dənəvər meyvə", "action_flag": 1, "change_message": "[{\"added\": {}}, {\"added\": {\"name\": \"\\u015e\\u0259kil\", \"object\": \"Qranul d\\u0259n\\u0259v\\u0259r meyv\\u0259 | 29\"}}]"}}, {"model": "admin.logentry", "pk": 86, "fields": {"action_time": "2024-01-29T12:48:41.377Z", "user": 1, "content_type": 8, "object_id": "32", "object_repr": "Qranul dənəvər şokolad", "action_flag": 1, "change_message": "[{\"added\": {}}, {\"added\": {\"name\": \"\\u015e\\u0259kil\", \"object\": \"Qranul d\\u0259n\\u0259v\\u0259r \\u015fokolad | 30\"}}]"}}, {"model": "admin.logentry", "pk": 87, "fields": {"action_time": "2024-01-29T12:50:04.505Z", "user": 1, "content_type": 8, "object_id": "33", "object_repr": "Fındıq və badam ilə dənli baton - 1.50 Sante", "action_flag": 1, "change_message": "[{\"added\": {}}, {\"added\": {\"name\": \"\\u015e\\u0259kil\", \"object\": \"F\\u0131nd\\u0131q v\\u0259 badam il\\u0259 d\\u0259nli baton - 1.50 Sante | 31\"}}]"}}, {"model": "admin.logentry", "pk": 88, "fields": {"action_time": "2024-01-29T12:51:12.169Z", "user": 1, "content_type": 8, "object_id": "34", "object_repr": "Fındıq və badam ilə şokoladlı xırçıldayan baton - 1.50 Sante", "action_flag": 1, "change_message": "[{\"added\": {}}, {\"added\": {\"name\": \"\\u015e\\u0259kil\", \"object\": \"F\\u0131nd\\u0131q v\\u0259 badam il\\u0259 \\u015fokoladl\\u0131 x\\u0131r\\u00e7\\u0131ldayan baton - 1.50 Sante | 32\"}}]"}}, {"model": "admin.logentry", "pk": 89, "fields": {"action_time": "2024-01-29T12:51:45.542Z", "user": 1, "content_type": 8, "object_id": "35", "object_repr": "Quşüzümü və moruq ilə xırçıldayan kəpək batonu - 1.50 Sante", "action_flag": 1, "change_message": "[{\"added\": {}}, {\"added\": {\"name\": \"\\u015e\\u0259kil\", \"object\": \"Qu\\u015f\\u00fcz\\u00fcm\\u00fc v\\u0259 moruq il\\u0259 x\\u0131r\\u00e7\\u0131ldayan k\\u0259p\\u0259k batonu - 1.50 Sante | 33\"}}]"}}, {"model": "admin.logentry", "pk": 90, "fields": {"action_time": "2024-01-29T12:52:17.910Z", "user": 1, "content_type": 8, "object_id": "36", "object_repr": "Xırçıldayan gavalı batonu - 1.50 azn Sante", "action_flag": 1, "change_message": "[{\"added\": {}}, {\"added\": {\"name\": \"\\u015e\\u0259kil\", \"object\": \"X\\u0131r\\u00e7\\u0131ldayan gaval\\u0131 batonu - 1.50 azn Sante | 34\"}}]"}}, {"model": "admin.logentry", "pk": 91, "fields": {"action_time": "2024-01-29T12:52:52.750Z", "user": 1, "content_type": 8, "object_id": "37", "object_repr": "Xırçıldayan şokoladlı banan batonu - 1.5 Sante", "action_flag": 1, "change_message": "[{\"added\": {}}, {\"added\": {\"name\": \"\\u015e\\u0259kil\", \"object\": \"X\\u0131r\\u00e7\\u0131ldayan \\u015fokoladl\\u0131 banan batonu - 1.5 Sante | 35\"}}]"}}, {"model": "admin.logentry", "pk": 92, "fields": {"action_time": "2024-01-29T12:54:13.238Z", "user": 1, "content_type": 8, "object_id": "38", "object_repr": "Fital mərcanı, qarağat, goji giləmeyvəsi", "action_flag": 1, "change_message": "[{\"added\": {}}, {\"added\": {\"name\": \"\\u015e\\u0259kil\", \"object\": \"Fital m\\u0259rcan\\u0131, qara\\u011fat, goji gil\\u0259meyv\\u0259si | 36\"}}]"}}, {"model": "admin.logentry", "pk": 93, "fields": {"action_time": "2024-01-29T13:13:05.045Z", "user": 1, "content_type": 8, "object_id": "39", "object_repr": "Almalı və darçınlı krekerlər", "action_flag": 1, "change_message": "[{\"added\": {}}, {\"added\": {\"name\": \"\\u015e\\u0259kil\", \"object\": \"Almal\\u0131 v\\u0259 dar\\u00e7\\u0131nl\\u0131 krekerl\\u0259r | 37\"}}]"}}, {"model": "admin.logentry", "pk": 94, "fields": {"action_time": "2024-01-29T13:14:45.607Z", "user": 1, "content_type": 8, "object_id": "40", "object_repr": "Pomidorlu krekerlər", "action_flag": 1, "change_message": "[{\"added\": {}}, {\"added\": {\"name\": \"\\u015e\\u0259kil\", \"object\": \"Pomidorlu krekerl\\u0259r | 38\"}}]"}}, {"model": "admin.logentry", "pk": 95, "fields": {"action_time": "2024-01-29T13:14:54.163Z", "user": 1, "content_type": 8, "object_id": "39", "object_repr": "Almalı və darçınlı krekerlər", "action_flag": 2, "change_message": "[{\"changed\": {\"fields\": [\"Description\"]}}]"}}, {"model": "admin.logentry", "pk": 96, "fields": {"action_time": "2024-01-29T13:15:32.916Z", "user": 1, "content_type": 8, "object_id": "41", "object_repr": "Qaragilə ilə krekerlər", "action_flag": 1, "change_message": "[{\"added\": {}}, {\"added\": {\"name\": \"\\u015e\\u0259kil\", \"object\": \"Qaragil\\u0259 il\\u0259 krekerl\\u0259r | 39\"}}]"}}, {"model": "admin.logentry", "pk": 97, "fields": {"action_time": "2024-01-29T13:19:03.133Z", "user": 1, "content_type": 8, "object_id": "42", "object_repr": "Go On Enerji", "action_flag": 1, "change_message": "[{\"added\": {}}, {\"added\": {\"name\": \"\\u015e\\u0259kil\", \"object\": \"Go On Enerji | 40\"}}]"}}, {"model": "admin.logentry", "pk": 98, "fields": {"action_time": "2024-01-29T13:19:49.985Z", "user": 1, "content_type": 8, "object_id": "43", "object_repr": "Go On Kakaolu baton", "action_flag": 1, "change_message": "[{\"added\": {}}, {\"added\": {\"name\": \"\\u015e\\u0259kil\", \"object\": \"Go On Kakaolu baton | 41\"}}]"}}, {"model": "admin.logentry", "pk": 99, "fields": {"action_time": "2024-01-29T13:20:33.258Z", "user": 1, "content_type": 8, "object_id": "44", "object_repr": "Go On Keto - vanilli baton - 500x500", "action_flag": 1, "change_message": "[{\"added\": {}}, {\"added\": {\"name\": \"\\u015e\\u0259kil\", \"object\": \"Go On Keto - vanilli baton - 500x500 | 42\"}}]"}}, {"model": "admin.logentry", "pk": 100, "fields": {"action_time": "2024-01-29T13:21:20.862Z", "user": 1, "content_type": 8, "object_id": "45", "object_repr": "Go On protein - Duzlu caramel ilə zülallı baton", "action_flag": 1, "change_message": "[{\"added\": {}}, {\"added\": {\"name\": \"\\u015e\\u0259kil\", \"object\": \"Go On protein - Duzlu caramel il\\u0259 z\\u00fclall\\u0131 baton | 43\"}}]"}}, {"model": "admin.logentry", "pk": 101, "fields": {"action_time": "2024-01-29T13:21:58.589Z", "user": 1, "content_type": 8, "object_id": "46", "object_repr": "Go On protein 33% - vanil ləzzəti ilə zülallı baton", "action_flag": 1, "change_message": "[{\"added\": {}}, {\"added\": {\"name\": \"\\u015e\\u0259kil\", \"object\": \"Go On protein 33% - vanil l\\u0259zz\\u0259ti il\\u0259 z\\u00fclall\\u0131 baton | 44\"}}]"}}, {"model": "admin.logentry", "pk": 102, "fields": {"action_time": "2024-01-29T13:22:33.582Z", "user": 1, "content_type": 8, "object_id": "47", "object_repr": "Go On protein 33% şokolad ilə zülallı baton", "action_flag": 1, "change_message": "[{\"added\": {}}, {\"added\": {\"name\": \"\\u015e\\u0259kil\", \"object\": \"Go On protein 33% \\u015fokolad il\\u0259 z\\u00fclall\\u0131 baton | 45\"}}]"}}, {"model": "admin.logentry", "pk": 103, "fields": {"action_time": "2024-01-29T13:23:16.561Z", "user": 1, "content_type": 8, "object_id": "48", "object_repr": "Go On protein karamel və fındıq", "action_flag": 1, "change_message": "[{\"added\": {}}, {\"added\": {\"name\": \"\\u015e\\u0259kil\", \"object\": \"Go On protein karamel v\\u0259 f\\u0131nd\\u0131q | 46\"}}]"}}, {"model": "admin.logentry", "pk": 104, "fields": {"action_time": "2024-01-29T13:23:56.477Z", "user": 1, "content_type": 8, "object_id": "49", "object_repr": "Go On Vanilli baton", "action_flag": 1, "change_message": "[{\"added\": {}}, {\"added\": {\"name\": \"\\u015e\\u0259kil\", \"object\": \"Go On Vanilli baton | 47\"}}]"}}, {"model": "admin.logentry", "pk": 105, "fields": {"action_time": "2024-01-29T13:24:51.500Z", "user": 1, "content_type": 8, "object_id": "50", "object_repr": "Go On vitamin bar", "action_flag": 1, "change_message": "[{\"added\": {}}, {\"added\": {\"name\": \"\\u015e\\u0259kil\", \"object\": \"Go On vitamin bar | 48\"}}]"}}, {"model": "admin.logentry", "pk": 106, "fields": {"action_time": "2024-01-29T13:26:45.393Z", "user": 1, "content_type": 8, "object_id": "51", "object_repr": "Go On Duzlu karamelli protein keksi", "action_flag": 1, "change_message": "[{\"added\": {}}, {\"added\": {\"name\": \"\\u015e\\u0259kil\", \"object\": \"Go On Duzlu karamelli protein keksi | 49\"}}]"}}, {"model": "admin.logentry", "pk": 107, "fields": {"action_time": "2024-01-29T13:27:20.693Z", "user": 1, "content_type": 8, "object_id": "52", "object_repr": "Go On Şokoladlı Protein keksi", "action_flag": 1, "change_message": "[{\"added\": {}}, {\"added\": {\"name\": \"\\u015e\\u0259kil\", \"object\": \"Go On \\u015eokoladl\\u0131 Protein keksi | 50\"}}]"}}, {"model": "admin.logentry", "pk": 108, "fields": {"action_time": "2024-01-29T13:30:19.708Z", "user": 1, "content_type": 8, "object_id": "53", "object_repr": "Çətənə lifi", "action_flag": 1, "change_message": "[{\"added\": {}}, {\"added\": {\"name\": \"\\u015e\\u0259kil\", \"object\": \"\\u00c7\\u0259t\\u0259n\\u0259 lifi | 51\"}}]"}}, {"model": "admin.logentry", "pk": 109, "fields": {"action_time": "2024-01-29T13:31:07.632Z", "user": 1, "content_type": 8, "object_id": "54", "object_repr": "Çətənə unu", "action_flag": 1, "change_message": "[{\"added\": {}}, {\"added\": {\"name\": \"\\u015e\\u0259kil\", \"object\": \"\\u00c7\\u0259t\\u0259n\\u0259 unu | 52\"}}]"}}, {"model": "admin.logentry", "pk": 110, "fields": {"action_time": "2024-01-29T13:31:48.267Z", "user": 1, "content_type": 8, "object_id": "55", "object_repr": "Qara çia toxumu", "action_flag": 1, "change_message": "[{\"added\": {}}, {\"added\": {\"name\": \"\\u015e\\u0259kil\", \"object\": \"Qara \\u00e7ia toxumu | 53\"}}]"}}, {"model": "admin.logentry", "pk": 111, "fields": {"action_time": "2024-01-29T13:32:24.739Z", "user": 1, "content_type": 8, "object_id": "56", "object_repr": "Qida çətənə toxumu", "action_flag": 1, "change_message": "[{\"added\": {}}, {\"added\": {\"name\": \"\\u015e\\u0259kil\", \"object\": \"Qida \\u00e7\\u0259t\\u0259n\\u0259 toxumu | 54\"}}]"}}, {"model": "admin.logentry", "pk": 112, "fields": {"action_time": "2024-01-29T13:33:04.406Z", "user": 1, "content_type": 8, "object_id": "57", "object_repr": "Xaşxaş ilə çətənə sıyığı", "action_flag": 1, "change_message": "[{\"added\": {}}, {\"added\": {\"name\": \"\\u015e\\u0259kil\", \"object\": \"Xa\\u015fxa\\u015f il\\u0259 \\u00e7\\u0259t\\u0259n\\u0259 s\\u0131y\\u0131\\u011f\\u0131 | 55\"}}]"}}, {"model": "admin.logentry", "pk": 113, "fields": {"action_time": "2024-01-29T13:34:16.030Z", "user": 1, "content_type": 8, "object_id": "58", "object_repr": "Yağlı bitkilər – küncüt toxumları -", "action_flag": 1, "change_message": "[{\"added\": {}}, {\"added\": {\"name\": \"\\u015e\\u0259kil\", \"object\": \"Ya\\u011fl\\u0131 bitkil\\u0259r \\u2013 k\\u00fcnc\\u00fct toxumlar\\u0131 - | 56\"}}]"}}, {"model": "admin.logentry", "pk": 114, "fields": {"action_time": "2024-01-29T13:35:01.223Z", "user": 1, "content_type": 8, "object_id": "59", "object_repr": "Yulaf ilə çətənə sıyığı", "action_flag": 1, "change_message": "[{\"added\": {}}, {\"added\": {\"name\": \"\\u015e\\u0259kil\", \"object\": \"Yulaf il\\u0259 \\u00e7\\u0259t\\u0259n\\u0259 s\\u0131y\\u0131\\u011f\\u0131 | 57\"}}]"}}, {"model": "admin.logentry", "pk": 115, "fields": {"action_time": "2024-01-29T13:39:12.441Z", "user": 1, "content_type": 8, "object_id": "60", "object_repr": "Balqabaq toxumuyla düyülü vafli", "action_flag": 1, "change_message": "[{\"added\": {}}, {\"added\": {\"name\": \"\\u015e\\u0259kil\", \"object\": \"Balqabaq toxumuyla d\\u00fcy\\u00fcl\\u00fc vafli | 58\"}}]"}}, {"model": "admin.logentry", "pk": 116, "fields": {"action_time": "2024-01-29T13:43:02.928Z", "user": 1, "content_type": 8, "object_id": "61", "object_repr": "Çia toxumuyla düyülü vafli - biz çəkdiyimiz", "action_flag": 1, "change_message": "[{\"added\": {}}, {\"added\": {\"name\": \"\\u015e\\u0259kil\", \"object\": \"\\u00c7ia toxumuyla d\\u00fcy\\u00fcl\\u00fc vafli - biz \\u00e7\\u0259kdiyimiz | 59\"}}]"}}, {"model": "admin.logentry", "pk": 117, "fields": {"action_time": "2024-01-29T13:51:03.748Z", "user": 1, "content_type": 8, "object_id": "62", "object_repr": "Çili bibəri dadında qarğıdalı vaflisi", "action_flag": 1, "change_message": "[{\"added\": {}}, {\"added\": {\"name\": \"\\u015e\\u0259kil\", \"object\": \"\\u00c7ili bib\\u0259ri dad\\u0131nda qar\\u011f\\u0131dal\\u0131 vaflisi | 60\"}}]"}}, {"model": "admin.logentry", "pk": 118, "fields": {"action_time": "2024-01-29T13:53:25.656Z", "user": 1, "content_type": 8, "object_id": "63", "object_repr": "Popkorn vaflisi", "action_flag": 1, "change_message": "[{\"added\": {}}, {\"added\": {\"name\": \"\\u015e\\u0259kil\", \"object\": \"Popkorn vaflisi | 61\"}}]"}}, {"model": "admin.logentry", "pk": 119, "fields": {"action_time": "2024-01-29T13:55:54.619Z", "user": 1, "content_type": 8, "object_id": "64", "object_repr": "Küncütlü düyü vaflisi", "action_flag": 1, "change_message": "[{\"added\": {}}, {\"added\": {\"name\": \"\\u015e\\u0259kil\", \"object\": \"K\\u00fcnc\\u00fctl\\u00fc d\\u00fcy\\u00fc vaflisi | 62\"}}]"}}, {"model": "admin.logentry", "pk": 120, "fields": {"action_time": "2024-01-29T13:56:49.745Z", "user": 1, "content_type": 8, "object_id": "65", "object_repr": "Təbii düyü vaflisi", "action_flag": 1, "change_message": "[{\"added\": {}}, {\"added\": {\"name\": \"\\u015e\\u0259kil\", \"object\": \"T\\u0259bii d\\u00fcy\\u00fc vaflisi | 63\"}}]"}}, {"model": "admin.logentry", "pk": 121, "fields": {"action_time": "2024-01-29T13:57:48.983Z", "user": 1, "content_type": 8, "object_id": "66", "object_repr": "Tünd şokolad ilə", "action_flag": 1, "change_message": "[{\"added\": {}}, {\"added\": {\"name\": \"\\u015e\\u0259kil\", \"object\": \"T\\u00fcnd \\u015fokolad il\\u0259 | 64\"}}]"}}, {"model": "admin.logentry", "pk": 122, "fields": {"action_time": "2024-01-29T13:58:43.480Z", "user": 1, "content_type": 8, "object_id": "67", "object_repr": "Xlepsi - Südlü şokolad ilə", "action_flag": 1, "change_message": "[{\"added\": {}}, {\"added\": {\"name\": \"\\u015e\\u0259kil\", \"object\": \"Xlepsi - S\\u00fcdl\\u00fc \\u015fokolad il\\u0259 | 65\"}}]"}}, {"model": "admin.logentry", "pk": 123, "fields": {"action_time": "2024-01-29T14:10:59.138Z", "user": 1, "content_type": 8, "object_id": "68", "object_repr": "Lovege Kalsiumlu Soya", "action_flag": 1, "change_message": "[{\"added\": {}}, {\"added\": {\"name\": \"\\u015e\\u0259kil\", \"object\": \"Lovege Kalsiumlu Soya | 66\"}}]"}}, {"model": "admin.logentry", "pk": 124, "fields": {"action_time": "2024-01-29T14:12:26.716Z", "user": 1, "content_type": 8, "object_id": "69", "object_repr": "Lovege Şəkərsiz təbii badam südü", "action_flag": 1, "change_message": "[{\"added\": {}}, {\"added\": {\"name\": \"\\u015e\\u0259kil\", \"object\": \"Lovege \\u015e\\u0259k\\u0259rsiz t\\u0259bii badam s\\u00fcd\\u00fc | 67\"}}]"}}, {"model": "admin.logentry", "pk": 125, "fields": {"action_time": "2024-01-29T14:13:05.999Z", "user": 1, "content_type": 8, "object_id": "70", "object_repr": "Lovege Şəkərsiz Yulaf", "action_flag": 1, "change_message": "[{\"added\": {}}, {\"added\": {\"name\": \"\\u015e\\u0259kil\", \"object\": \"Lovege \\u015e\\u0259k\\u0259rsiz Yulaf | 68\"}}]"}}, {"model": "admin.logentry", "pk": 126, "fields": {"action_time": "2024-01-29T14:15:11.490Z", "user": 1, "content_type": 8, "object_id": "71", "object_repr": "Çərəz tərkibli yerfındığı yağı", "action_flag": 1, "change_message": "[{\"added\": {}}, {\"added\": {\"name\": \"\\u015e\\u0259kil\", \"object\": \"\\u00c7\\u0259r\\u0259z t\\u0259rkibli yerf\\u0131nd\\u0131\\u011f\\u0131 ya\\u011f\\u0131 | 69\"}}]"}}, {"model": "admin.logentry", "pk": 127, "fields": {"action_time": "2024-01-29T14:16:19.779Z", "user": 1, "content_type": 8, "object_id": "72", "object_repr": "Yer fındığı yağı", "action_flag": 1, "change_message": "[{\"added\": {}}, {\"added\": {\"name\": \"\\u015e\\u0259kil\", \"object\": \"Yer f\\u0131nd\\u0131\\u011f\\u0131 ya\\u011f\\u0131 | 70\"}}]"}}, {"model": "admin.logentry", "pk": 128, "fields": {"action_time": "2024-01-29T14:24:17.818Z", "user": 1, "content_type": 8, "object_id": "73", "object_repr": "Bişmiş Kətan sıyığı Stop Diabet", "action_flag": 1, "change_message": "[{\"added\": {}}, {\"added\": {\"name\": \"\\u015e\\u0259kil\", \"object\": \"Bi\\u015fmi\\u015f K\\u0259tan s\\u0131y\\u0131\\u011f\\u0131 Stop Diabet | 71\"}}]"}}, {"model": "admin.logentry", "pk": 129, "fields": {"action_time": "2024-01-29T14:25:02.970Z", "user": 1, "content_type": 8, "object_id": "74", "object_repr": "Bişmiş Kətan sıyığı Stop xolesterin", "action_flag": 1, "change_message": "[{\"added\": {}}, {\"added\": {\"name\": \"\\u015e\\u0259kil\", \"object\": \"Bi\\u015fmi\\u015f K\\u0259tan s\\u0131y\\u0131\\u011f\\u0131 Stop xolesterin | 72\"}}]"}}, {"model": "admin.logentry", "pk": 130, "fields": {"action_time": "2024-01-29T14:25:40.317Z", "user": 1, "content_type": 8, "object_id": "75", "object_repr": "Bişmiş Kətan sıyığı", "action_flag": 1, "change_message": "[{\"added\": {}}, {\"added\": {\"name\": \"\\u015e\\u0259kil\", \"object\": \"Bi\\u015fmi\\u015f K\\u0259tan s\\u0131y\\u0131\\u011f\\u0131 | 73\"}}]"}}, {"model": "admin.logentry", "pk": 131, "fields": {"action_time": "2024-01-29T14:26:23.170Z", "user": 1, "content_type": 8, "object_id": "76", "object_repr": "Qarabaşaq topları", "action_flag": 1, "change_message": "[{\"added\": {}}, {\"added\": {\"name\": \"\\u015e\\u0259kil\", \"object\": \"Qaraba\\u015faq toplar\\u0131 | 74\"}}]"}}, {"model": "admin.logentry", "pk": 132, "fields": {"action_time": "2024-01-29T14:26:56.280Z", "user": 1, "content_type": 8, "object_id": "77", "object_repr": "Quru səhər yeməkləri Çovdar topları", "action_flag": 1, "change_message": "[{\"added\": {}}, {\"added\": {\"name\": \"\\u015e\\u0259kil\", \"object\": \"Quru s\\u0259h\\u0259r yem\\u0259kl\\u0259ri \\u00c7ovdar toplar\\u0131 | 75\"}}]"}}, {"model": "admin.logentry", "pk": 133, "fields": {"action_time": "2024-01-29T14:27:29.680Z", "user": 1, "content_type": 8, "object_id": "78", "object_repr": "Quru səhər yeməkləri Qarğıdalı topları", "action_flag": 1, "change_message": "[{\"added\": {}}, {\"added\": {\"name\": \"\\u015e\\u0259kil\", \"object\": \"Quru s\\u0259h\\u0259r yem\\u0259kl\\u0259ri Qar\\u011f\\u0131dal\\u0131 toplar\\u0131 | 76\"}}]"}}, {"model": "admin.logentry", "pk": 134, "fields": {"action_time": "2024-01-29T14:37:17.630Z", "user": 1, "content_type": 13, "object_id": "1", "object_repr": "Kətan toxumları - selenium, xrom, silisium", "action_flag": 1, "change_message": "[{\"added\": {}}]"}}, {"model": "admin.logentry", "pk": 135, "fields": {"action_time": "2024-01-29T14:38:57.747Z", "user": 1, "content_type": 13, "object_id": "2", "object_repr": "Go on Protein – qranul şokoladlı və fındıqlı", "action_flag": 1, "change_message": "[{\"added\": {}}]"}}, {"model": "admin.logentry", "pk": 136, "fields": {"action_time": "2024-01-29T14:44:13.156Z", "user": 1, "content_type": 17, "object_id": "1", "object_repr": "Niyə səhər yeməyində yulaf olmalıdır?", "action_flag": 1, "change_message": "[{\"added\": {}}]"}}, {"model": "admin.logentry", "pk": 137, "fields": {"action_time": "2024-01-29T14:46:00.145Z", "user": 1, "content_type": 17, "object_id": "2", "object_repr": "Çətənə tərkibli məhsullar, çətənə toxumunun faydaları", "action_flag": 1, "change_message": "[{\"added\": {}}]"}}, {"model": "admin.logentry", "pk": 138, "fields": {"action_time": "2024-01-29T14:52:04.877Z", "user": 1, "content_type": 17, "object_id": "3", "object_repr": "Fıstıq əzməsi ilə ləzzətli resept", "action_flag": 1, "change_message": "[{\"added\": {}}]"}}, {"model": "admin.logentry", "pk": 139, "fields": {"action_time": "2024-01-29T14:52:34.685Z", "user": 1, "content_type": 17, "object_id": "2", "object_repr": "Çətənə tərkibli məhsullar, çətənə toxumunun faydaları", "action_flag": 2, "change_message": "[{\"changed\": {\"fields\": [\"Photo(370x290)\"]}}]"}}, {"model": "admin.logentry", "pk": 140, "fields": {"action_time": "2024-01-29T14:53:01.097Z", "user": 1, "content_type": 17, "object_id": "1", "object_repr": "Niyə səhər yeməyində yulaf olmalıdır?", "action_flag": 2, "change_message": "[{\"changed\": {\"fields\": [\"Photo(370x290)\"]}}]"}}, {"model": "admin.logentry", "pk": 141, "fields": {"action_time": "2024-01-29T14:55:28.975Z", "user": 1, "content_type": 9, "object_id": "1", "object_repr": "Qranul - dənəvər yer fındığı", "action_flag": 1, "change_message": "[{\"added\": {}}]"}}, {"model": "admin.logentry", "pk": 142, "fields": {"action_time": "2024-01-29T15:14:19.837Z", "user": 1, "content_type": 9, "object_id": "1", "object_repr": "Xaşxaş ilə çətənə sıyığı", "action_flag": 2, "change_message": "[{\"changed\": {\"fields\": [\"Title\", \"Image\"]}}]"}}, {"model": "admin.logentry", "pk": 143, "fields": {"action_time": "2024-01-29T15:16:15.211Z", "user": 1, "content_type": 9, "object_id": "2", "object_repr": "Çətənə lifi", "action_flag": 1, "change_message": "[{\"added\": {}}]"}}, {"model": "admin.logentry", "pk": 144, "fields": {"action_time": "2024-01-29T15:23:43.945Z", "user": 1, "content_type": 9, "object_id": "3", "object_repr": "Go on Protein – qranul şokoladlı və fındıqlı", "action_flag": 1, "change_message": "[{\"added\": {}}]"}}, {"model": "admin.logentry", "pk": 145, "fields": {"action_time": "2024-01-29T15:30:28.716Z", "user": 1, "content_type": 6, "object_id": "1", "object_repr": "Ecoproduct", "action_flag": 2, "change_message": "[{\"changed\": {\"fields\": [\"Description\", \"Image\"]}}]"}}, {"model": "admin.logentry", "pk": 146, "fields": {"action_time": "2024-01-29T15:30:45.470Z", "user": 1, "content_type": 6, "object_id": "2", "object_repr": "Ecoproduct", "action_flag": 3, "change_message": ""}}, {"model": "admin.logentry", "pk": 147, "fields": {"action_time": "2024-01-29T15:31:48.536Z", "user": 1, "content_type": 6, "object_id": "1", "object_repr": "Ecoproduct məhsulları təbiidir", "action_flag": 2, "change_message": "[{\"changed\": {\"fields\": [\"Title\"]}}]"}}, {"model": "admin.logentry", "pk": 148, "fields": {"action_time": "2024-01-29T15:32:03.438Z", "user": 1, "content_type": 6, "object_id": "1", "object_repr": "Ecoproduct məhsulları təbii və dadlıdır", "action_flag": 2, "change_message": "[{\"changed\": {\"fields\": [\"Title\"]}}]"}}, {"model": "admin.logentry", "pk": 149, "fields": {"action_time": "2024-01-29T15:32:45.458Z", "user": 1, "content_type": 6, "object_id": "1", "object_repr": "Ecoproduct məhsulları <br> təbii və dadlıdır", "action_flag": 2, "change_message": "[{\"changed\": {\"fields\": [\"Title\"]}}]"}}, {"model": "admin.logentry", "pk": 150, "fields": {"action_time": "2024-01-29T16:13:50.247Z", "user": 1, "content_type": 12, "object_id": "1", "object_repr": "Ekoloji təmiz məhsullar", "action_flag": 1, "change_message": "[{\"added\": {}}]"}}, {"model": "admin.logentry", "pk": 151, "fields": {"action_time": "2024-01-29T16:15:04.337Z", "user": 1, "content_type": 12, "object_id": "2", "object_repr": "Geniş çeşid", "action_flag": 1, "change_message": "[{\"added\": {}}]"}}, {"model": "admin.logentry", "pk": 152, "fields": {"action_time": "2024-01-29T16:15:39.378Z", "user": 1, "content_type": 12, "object_id": "3", "object_repr": "Kampaniyalar", "action_flag": 1, "change_message": "[{\"added\": {}}]"}}, {"model": "admin.logentry", "pk": 153, "fields": {"action_time": "2024-01-29T16:16:05.312Z", "user": 1, "content_type": 12, "object_id": "4", "object_repr": "Sərfəli qiymət", "action_flag": 1, "change_message": "[{\"added\": {}}]"}}, {"model": "admin.logentry", "pk": 154, "fields": {"action_time": "2024-01-29T16:16:35.700Z", "user": 1, "content_type": 12, "object_id": "5", "object_repr": "Sürətli çatdırılma", "action_flag": 1, "change_message": "[{\"added\": {}}]"}}, {"model": "admin.logentry", "pk": 155, "fields": {"action_time": "2024-01-29T17:06:19.487Z", "user": 1, "content_type": 11, "object_id": "1", "object_repr": "Haqqımızda", "action_flag": 1, "change_message": "[{\"added\": {}}]"}}, {"model": "admin.logentry", "pk": 156, "fields": {"action_time": "2024-01-30T08:29:30.207Z", "user": 1, "content_type": 8, "object_id": "5", "object_repr": "Hemps fruit - çətənəli", "action_flag": 2, "change_message": "[{\"changed\": {\"fields\": [\"Description\"]}}]"}}, {"model": "admin.logentry", "pk": 157, "fields": {"action_time": "2024-01-30T08:30:37.910Z", "user": 1, "content_type": 8, "object_id": "6", "object_repr": "Qrilyajlı kətan batonu - Flaks baton, banan", "action_flag": 2, "change_message": "[{\"changed\": {\"fields\": [\"Description\"]}}]"}}, {"model": "admin.logentry", "pk": 158, "fields": {"action_time": "2024-01-30T08:33:00.268Z", "user": 1, "content_type": 8, "object_id": "7", "object_repr": "Qrilyajlı kətan batonu - Flaks baton, kətan", "action_flag": 2, "change_message": "[{\"changed\": {\"fields\": [\"Description\"]}}]"}}, {"model": "admin.logentry", "pk": 159, "fields": {"action_time": "2024-01-30T08:33:49.467Z", "user": 1, "content_type": 8, "object_id": "8", "object_repr": "Qrilyajlı kətan batonu - Flaks baton, miks", "action_flag": 2, "change_message": "[{\"changed\": {\"fields\": [\"Description\"]}}]"}}, {"model": "admin.logentry", "pk": 160, "fields": {"action_time": "2024-01-30T08:37:08.371Z", "user": 1, "content_type": 8, "object_id": "9", "object_repr": "Qrilyajlı kətan batonu - Flaks baton, portağal", "action_flag": 2, "change_message": "[{\"changed\": {\"fields\": [\"Description\"]}}]"}}, {"model": "admin.logentry", "pk": 161, "fields": {"action_time": "2024-01-30T08:39:24.570Z", "user": 1, "content_type": 8, "object_id": "10", "object_repr": "Qrilyajlı kətan batonu - Flaks baton, qaragavalı", "action_flag": 2, "change_message": "[{\"changed\": {\"fields\": [\"Description\"]}}]"}}, {"model": "admin.logentry", "pk": 162, "fields": {"action_time": "2024-01-30T08:42:21.566Z", "user": 1, "content_type": 8, "object_id": "11", "object_repr": "Qrilyajlı kətan batonu - Flaks baton, quşüzümü", "action_flag": 2, "change_message": "[{\"changed\": {\"fields\": [\"Description\"]}}]"}}, {"model": "admin.logentry", "pk": 163, "fields": {"action_time": "2024-01-30T08:44:09.973Z", "user": 1, "content_type": 8, "object_id": "12", "object_repr": "Qrilyajlı kətan batonu - Flaks baton, zəncəfil", "action_flag": 2, "change_message": "[{\"changed\": {\"fields\": [\"Description\"]}}]"}}, {"model": "admin.logentry", "pk": 164, "fields": {"action_time": "2024-01-30T08:47:58.337Z", "user": 1, "content_type": 8, "object_id": "13", "object_repr": "Rafinə olunmamış çətənə yağı", "action_flag": 2, "change_message": "[{\"changed\": {\"fields\": [\"Description\"]}}]"}}, {"model": "admin.logentry", "pk": 165, "fields": {"action_time": "2024-01-30T08:52:42.239Z", "user": 1, "content_type": 8, "object_id": "14", "object_repr": "Rafinə olunmamış kətan yağı", "action_flag": 2, "change_message": "[{\"changed\": {\"fields\": [\"Description\"]}}]"}}, {"model": "admin.logentry", "pk": 166, "fields": {"action_time": "2024-01-30T08:53:28.307Z", "user": 1, "content_type": 8, "object_id": "15", "object_repr": "Kətan toxumları - selenium, xrom, silisium", "action_flag": 2, "change_message": "[{\"changed\": {\"fields\": [\"Description\"]}}]"}}, {"model": "admin.logentry", "pk": 167, "fields": {"action_time": "2024-01-30T09:08:49.525Z", "user": 1, "content_type": 8, "object_id": "18", "object_repr": "Buğda əlavəsi olmayan qarğıdalı lopası", "action_flag": 2, "change_message": "[{\"changed\": {\"fields\": [\"Description\"]}}]"}}, {"model": "admin.logentry", "pk": 168, "fields": {"action_time": "2024-01-30T09:13:08.248Z", "user": 1, "content_type": 7, "object_id": "8", "object_repr": "Yulaflı məhsullar", "action_flag": 1, "change_message": "[{\"added\": {}}]"}}, {"model": "admin.logentry", "pk": 169, "fields": {"action_time": "2024-01-30T09:13:13.752Z", "user": 1, "content_type": 8, "object_id": "19", "object_repr": "Yulaf və bal ilə dənli baton", "action_flag": 2, "change_message": "[{\"changed\": {\"fields\": [\"Description\", \"Category\"]}}]"}}, {"model": "admin.logentry", "pk": 170, "fields": {"action_time": "2024-01-30T09:14:58.808Z", "user": 1, "content_type": 8, "object_id": "20", "object_repr": "Yulaf və quşüzümü ilə dənli baton", "action_flag": 2, "change_message": "[{\"changed\": {\"fields\": [\"Description\", \"Category\"]}}]"}}, {"model": "admin.logentry", "pk": 171, "fields": {"action_time": "2024-01-30T09:16:44.028Z", "user": 1, "content_type": 8, "object_id": "21", "object_repr": "Yulaf və şokolad ilə dənli baton", "action_flag": 2, "change_message": "[{\"changed\": {\"fields\": [\"Description\"]}}]"}}, {"model": "admin.logentry", "pk": 172, "fields": {"action_time": "2024-01-30T09:30:30.520Z", "user": 1, "content_type": 8, "object_id": "22", "object_repr": "Bananlı xırçıldayan", "action_flag": 2, "change_message": "[{\"changed\": {\"fields\": [\"Description\", \"Category\"]}}]"}}, {"model": "admin.logentry", "pk": 173, "fields": {"action_time": "2024-01-30T09:30:47.115Z", "user": 1, "content_type": 8, "object_id": "22", "object_repr": "Bananlı xırçıldayan krekerlər", "action_flag": 2, "change_message": "[{\"changed\": {\"fields\": [\"Title\"]}}]"}}, {"model": "admin.logentry", "pk": 174, "fields": {"action_time": "2024-01-30T09:35:58.162Z", "user": 1, "content_type": 8, "object_id": "23", "object_repr": "Go on Protein – qranul şokoladlı və albalı", "action_flag": 2, "change_message": "[{\"changed\": {\"fields\": [\"Description\"]}}]"}}, {"model": "admin.logentry", "pk": 175, "fields": {"action_time": "2024-01-30T09:36:33.668Z", "user": 1, "content_type": 8, "object_id": "24", "object_repr": "Go on Protein – qranul şokoladlı və fındıqlı", "action_flag": 2, "change_message": "[{\"changed\": {\"fields\": [\"Description\"]}}]"}}, {"model": "admin.logentry", "pk": 176, "fields": {"action_time": "2024-01-30T09:39:54.264Z", "user": 1, "content_type": 8, "object_id": "23", "object_repr": "Go on Protein – qranul şokoladlı və albalı", "action_flag": 2, "change_message": "[{\"changed\": {\"fields\": [\"Description\"]}}]"}}, {"model": "admin.logentry", "pk": 177, "fields": {"action_time": "2024-01-30T09:40:51.146Z", "user": 1, "content_type": 8, "object_id": "24", "object_repr": "Go on Protein – qranul şokoladlı və fındıqlı", "action_flag": 2, "change_message": "[{\"changed\": {\"fields\": [\"Description\"]}}]"}}, {"model": "admin.logentry", "pk": 178, "fields": {"action_time": "2024-01-30T09:43:33.236Z", "user": 1, "content_type": 8, "object_id": "25", "object_repr": "Meyvəli xırçıldayan krekerlər", "action_flag": 2, "change_message": "[{\"changed\": {\"fields\": [\"Title\", \"Description\", \"Category\"]}}]"}}, {"model": "admin.logentry", "pk": 179, "fields": {"action_time": "2024-01-30T09:48:37.060Z", "user": 1, "content_type": 8, "object_id": "26", "object_repr": "Kətan unu", "action_flag": 2, "change_message": "[{\"changed\": {\"fields\": [\"Description\"]}}]"}}, {"model": "admin.logentry", "pk": 180, "fields": {"action_time": "2024-01-30T09:58:02.214Z", "user": 1, "content_type": 8, "object_id": "27", "object_repr": "Qranul - dənəvər yer fındığı", "action_flag": 2, "change_message": "[{\"changed\": {\"fields\": [\"Description\"]}}]"}}, {"model": "admin.logentry", "pk": 181, "fields": {"action_time": "2024-01-30T09:58:27.582Z", "user": 1, "content_type": 8, "object_id": "28", "object_repr": "Qranul - qoz-fındıq, bal ilə lopalar", "action_flag": 2, "change_message": "[{\"changed\": {\"fields\": [\"Description\"]}}]"}}, {"model": "admin.logentry", "pk": 182, "fields": {"action_time": "2024-01-30T09:59:06.520Z", "user": 1, "content_type": 8, "object_id": "29", "object_repr": "Qranul ağ şokolad çiyələkli", "action_flag": 2, "change_message": "[{\"changed\": {\"fields\": [\"Description\"]}}]"}}, {"model": "admin.logentry", "pk": 183, "fields": {"action_time": "2024-01-30T10:03:13.795Z", "user": 1, "content_type": 8, "object_id": "30", "object_repr": "Qranul Belçika şokoladlı və portağal ilə lopalar", "action_flag": 2, "change_message": "[{\"changed\": {\"fields\": [\"Description\"]}}]"}}, {"model": "admin.logentry", "pk": 184, "fields": {"action_time": "2024-01-30T10:07:13.675Z", "user": 1, "content_type": 8, "object_id": "31", "object_repr": "Qranul dənəvər meyvə", "action_flag": 2, "change_message": "[{\"changed\": {\"fields\": [\"Description\"]}}]"}}, {"model": "admin.logentry", "pk": 185, "fields": {"action_time": "2024-01-30T10:08:12.956Z", "user": 1, "content_type": 8, "object_id": "32", "object_repr": "Qranul dənəvər şokolad", "action_flag": 2, "change_message": "[{\"changed\": {\"fields\": [\"Description\"]}}]"}}, {"model": "admin.logentry", "pk": 186, "fields": {"action_time": "2024-01-30T10:09:43.129Z", "user": 1, "content_type": 25, "object_id": "1", "object_repr": "Ecoproduct Azərbaycan - sağlam qida, sağlam həyat", "action_flag": 1, "change_message": "[{\"added\": {}}, {\"added\": {\"name\": \"N\\u00f6mr\\u0259\", \"object\": \"+994 70 541 30 49\"}}]"}}, {"model": "admin.logentry", "pk": 187, "fields": {"action_time": "2024-01-30T10:22:04.409Z", "user": 1, "content_type": 25, "object_id": "1", "object_repr": "Ecoproduct Azərbaycan - sağlam qida, sağlam həyat", "action_flag": 2, "change_message": "[{\"changed\": {\"fields\": [\"Logo(171x38)\", \"Mobile logo(172x38)\", \"Favicon(100x100)\", \"Footer logo\"]}}]"}}, {"model": "admin.logentry", "pk": 188, "fields": {"action_time": "2024-01-30T10:22:45.863Z", "user": 1, "content_type": 25, "object_id": "1", "object_repr": "Ecoproduct Azərbaycan - sağlam qida, sağlam həyat", "action_flag": 2, "change_message": "[{\"changed\": {\"fields\": [\"Logo(171x38)\"]}}]"}}, {"model": "admin.logentry", "pk": 189, "fields": {"action_time": "2024-01-30T10:24:19.749Z", "user": 1, "content_type": 25, "object_id": "1", "object_repr": "Ecoproduct Azərbaycan - sağlam qida, sağlam həyat", "action_flag": 2, "change_message": "[{\"changed\": {\"fields\": [\"Logo(171x38)\"]}}]"}}, {"model": "admin.logentry", "pk": 190, "fields": {"action_time": "2024-01-30T10:25:51.440Z", "user": 1, "content_type": 25, "object_id": "1", "object_repr": "Ecoproduct Azərbaycan - sağlam qida, sağlam həyat", "action_flag": 2, "change_message": "[{\"changed\": {\"fields\": [\"Logo(171x38)\"]}}]"}}, {"model": "admin.logentry", "pk": 191, "fields": {"action_time": "2024-01-30T10:27:47.935Z", "user": 1, "content_type": 25, "object_id": "1", "object_repr": "Ecoproduct Azərbaycan - sağlam qida, sağlam həyat", "action_flag": 2, "change_message": "[{\"changed\": {\"fields\": [\"Logo(171x38)\"]}}]"}}, {"model": "admin.logentry", "pk": 192, "fields": {"action_time": "2024-01-30T10:29:13.997Z", "user": 1, "content_type": 25, "object_id": "1", "object_repr": "Ecoproduct Azərbaycan - sağlam qida, sağlam həyat", "action_flag": 2, "change_message": "[{\"changed\": {\"fields\": [\"Logo(171x38)\"]}}]"}}, {"model": "auth.permission", "pk": 1, "fields": {"name": "Can add log entry", "content_type": 1, "codename": "add_logentry"}}, {"model": "auth.permission", "pk": 2, "fields": {"name": "Can change log entry", "content_type": 1, "codename": "change_logentry"}}, {"model": "auth.permission", "pk": 3, "fields": {"name": "Can delete log entry", "content_type": 1, "codename": "delete_logentry"}}, {"model": "auth.permission", "pk": 4, "fields": {"name": "Can view log entry", "content_type": 1, "codename": "view_logentry"}}, {"model": "auth.permission", "pk": 5, "fields": {"name": "Can add permission", "content_type": 2, "codename": "add_permission"}}, {"model": "auth.permission", "pk": 6, "fields": {"name": "Can change permission", "content_type": 2, "codename": "change_permission"}}, {"model": "auth.permission", "pk": 7, "fields": {"name": "Can delete permission", "content_type": 2, "codename": "delete_permission"}}, {"model": "auth.permission", "pk": 8, "fields": {"name": "Can view permission", "content_type": 2, "codename": "view_permission"}}, {"model": "auth.permission", "pk": 9, "fields": {"name": "Can add group", "content_type": 3, "codename": "add_group"}}, {"model": "auth.permission", "pk": 10, "fields": {"name": "Can change group", "content_type": 3, "codename": "change_group"}}, {"model": "auth.permission", "pk": 11, "fields": {"name": "Can delete group", "content_type": 3, "codename": "delete_group"}}, {"model": "auth.permission", "pk": 12, "fields": {"name": "Can view group", "content_type": 3, "codename": "view_group"}}, {"model": "auth.permission", "pk": 13, "fields": {"name": "Can add content type", "content_type": 4, "codename": "add_contenttype"}}, {"model": "auth.permission", "pk": 14, "fields": {"name": "Can change content type", "content_type": 4, "codename": "change_contenttype"}}, {"model": "auth.permission", "pk": 15, "fields": {"name": "Can delete content type", "content_type": 4, "codename": "delete_contenttype"}}, {"model": "auth.permission", "pk": 16, "fields": {"name": "Can view content type", "content_type": 4, "codename": "view_contenttype"}}, {"model": "auth.permission", "pk": 17, "fields": {"name": "Can add session", "content_type": 5, "codename": "add_session"}}, {"model": "auth.permission", "pk": 18, "fields": {"name": "Can change session", "content_type": 5, "codename": "change_session"}}, {"model": "auth.permission", "pk": 19, "fields": {"name": "Can delete session", "content_type": 5, "codename": "delete_session"}}, {"model": "auth.permission", "pk": 20, "fields": {"name": "Can view session", "content_type": 5, "codename": "view_session"}}, {"model": "auth.permission", "pk": 21, "fields": {"name": "Can add Slayder", "content_type": 6, "codename": "add_indexslider"}}, {"model": "auth.permission", "pk": 22, "fields": {"name": "Can change Slayder", "content_type": 6, "codename": "change_indexslider"}}, {"model": "auth.permission", "pk": 23, "fields": {"name": "Can delete Slayder", "content_type": 6, "codename": "delete_indexslider"}}, {"model": "auth.permission", "pk": 24, "fields": {"name": "Can view Slayder", "content_type": 6, "codename": "view_indexslider"}}, {"model": "auth.permission", "pk": 25, "fields": {"name": "Can add Kateqoriya", "content_type": 7, "codename": "add_productcategory"}}, {"model": "auth.permission", "pk": 26, "fields": {"name": "Can change Kateqoriya", "content_type": 7, "codename": "change_productcategory"}}, {"model": "auth.permission", "pk": 27, "fields": {"name": "Can delete Kateqoriya", "content_type": 7, "codename": "delete_productcategory"}}, {"model": "auth.permission", "pk": 28, "fields": {"name": "Can view Kateqoriya", "content_type": 7, "codename": "view_productcategory"}}, {"model": "auth.permission", "pk": 29, "fields": {"name": "Can add Məhsul", "content_type": 8, "codename": "add_product"}}, {"model": "auth.permission", "pk": 30, "fields": {"name": "Can change Məhsul", "content_type": 8, "codename": "change_product"}}, {"model": "auth.permission", "pk": 31, "fields": {"name": "Can delete Məhsul", "content_type": 8, "codename": "delete_product"}}, {"model": "auth.permission", "pk": 32, "fields": {"name": "Can view Məhsul", "content_type": 8, "codename": "view_product"}}, {"model": "auth.permission", "pk": 33, "fields": {"name": "Can add Banner", "content_type": 9, "codename": "add_categorybanner"}}, {"model": "auth.permission", "pk": 34, "fields": {"name": "Can change Banner", "content_type": 9, "codename": "change_categorybanner"}}, {"model": "auth.permission", "pk": 35, "fields": {"name": "Can delete Banner", "content_type": 9, "codename": "delete_categorybanner"}}, {"model": "auth.permission", "pk": 36, "fields": {"name": "Can view Banner", "content_type": 9, "codename": "view_categorybanner"}}, {"model": "auth.permission", "pk": 37, "fields": {"name": "Can add Vendor", "content_type": 10, "codename": "add_vendor"}}, {"model": "auth.permission", "pk": 38, "fields": {"name": "Can change Vendor", "content_type": 10, "codename": "change_vendor"}}, {"model": "auth.permission", "pk": 39, "fields": {"name": "Can delete Vendor", "content_type": 10, "codename": "delete_vendor"}}, {"model": "auth.permission", "pk": 40, "fields": {"name": "Can view Vendor", "content_type": 10, "codename": "view_vendor"}}, {"model": "auth.permission", "pk": 41, "fields": {"name": "Can add Haqqımızda", "content_type": 11, "codename": "add_about"}}, {"model": "auth.permission", "pk": 42, "fields": {"name": "Can change Haqqımızda", "content_type": 11, "codename": "change_about"}}, {"model": "auth.permission", "pk": 43, "fields": {"name": "Can delete Haqqımızda", "content_type": 11, "codename": "delete_about"}}, {"model": "auth.permission", "pk": 44, "fields": {"name": "Can view Haqqımızda", "content_type": 11, "codename": "view_about"}}, {"model": "auth.permission", "pk": 45, "fields": {"name": "Can add Özəllik", "content_type": 12, "codename": "add_feature"}}, {"model": "auth.permission", "pk": 46, "fields": {"name": "Can change Özəllik", "content_type": 12, "codename": "change_feature"}}, {"model": "auth.permission", "pk": 47, "fields": {"name": "Can delete Özəllik", "content_type": 12, "codename": "delete_feature"}}, {"model": "auth.permission", "pk": 48, "fields": {"name": "Can view Özəllik", "content_type": 12, "codename": "view_feature"}}, {"model": "auth.permission", "pk": 49, "fields": {"name": "Can add Kompaniya", "content_type": 13, "codename": "add_company"}}, {"model": "auth.permission", "pk": 50, "fields": {"name": "Can change Kompaniya", "content_type": 13, "codename": "change_company"}}, {"model": "auth.permission", "pk": 51, "fields": {"name": "Can delete Kompaniya", "content_type": 13, "codename": "delete_company"}}, {"model": "auth.permission", "pk": 52, "fields": {"name": "Can view Kompaniya", "content_type": 13, "codename": "view_company"}}, {"model": "auth.permission", "pk": 53, "fields": {"name": "Can add Tərəfdaş", "content_type": 14, "codename": "add_partner"}}, {"model": "auth.permission", "pk": 54, "fields": {"name": "Can change Tərəfdaş", "content_type": 14, "codename": "change_partner"}}, {"model": "auth.permission", "pk": 55, "fields": {"name": "Can delete Tərəfdaş", "content_type": 14, "codename": "delete_partner"}}, {"model": "auth.permission", "pk": 56, "fields": {"name": "Can view Tərəfdaş", "content_type": 14, "codename": "view_partner"}}, {"model": "auth.permission", "pk": 57, "fields": {"name": "Can add Statistika", "content_type": 15, "codename": "add_statistic"}}, {"model": "auth.permission", "pk": 58, "fields": {"name": "Can change Statistika", "content_type": 15, "codename": "change_statistic"}}, {"model": "auth.permission", "pk": 59, "fields": {"name": "Can delete Statistika", "content_type": 15, "codename": "delete_statistic"}}, {"model": "auth.permission", "pk": 60, "fields": {"name": "Can view Statistika", "content_type": 15, "codename": "view_statistic"}}, {"model": "auth.permission", "pk": 61, "fields": {"name": "Can add Sual", "content_type": 16, "codename": "add_faq"}}, {"model": "auth.permission", "pk": 62, "fields": {"name": "Can change Sual", "content_type": 16, "codename": "change_faq"}}, {"model": "auth.permission", "pk": 63, "fields": {"name": "Can delete Sual", "content_type": 16, "codename": "delete_faq"}}, {"model": "auth.permission", "pk": 64, "fields": {"name": "Can view Sual", "content_type": 16, "codename": "view_faq"}}, {"model": "auth.permission", "pk": 65, "fields": {"name": "Can add Bloglar", "content_type": 17, "codename": "add_blog"}}, {"model": "auth.permission", "pk": 66, "fields": {"name": "Can change Bloglar", "content_type": 17, "codename": "change_blog"}}, {"model": "auth.permission", "pk": 67, "fields": {"name": "Can delete Bloglar", "content_type": 17, "codename": "delete_blog"}}, {"model": "auth.permission", "pk": 68, "fields": {"name": "Can view Bloglar", "content_type": 17, "codename": "view_blog"}}, {"model": "auth.permission", "pk": 69, "fields": {"name": "Can add Login və Register", "content_type": 18, "codename": "add_loginregisterpage"}}, {"model": "auth.permission", "pk": 70, "fields": {"name": "Can change Login və Register", "content_type": 18, "codename": "change_loginregisterpage"}}, {"model": "auth.permission", "pk": 71, "fields": {"name": "Can delete Login və Register", "content_type": 18, "codename": "delete_loginregisterpage"}}, {"model": "auth.permission", "pk": 72, "fields": {"name": "Can view Login və Register", "content_type": 18, "codename": "view_loginregisterpage"}}, {"model": "auth.permission", "pk": 73, "fields": {"name": "Can add user", "content_type": 19, "codename": "add_customuser"}}, {"model": "auth.permission", "pk": 74, "fields": {"name": "Can change user", "content_type": 19, "codename": "change_customuser"}}, {"model": "auth.permission", "pk": 75, "fields": {"name": "Can delete user", "content_type": 19, "codename": "delete_customuser"}}, {"model": "auth.permission", "pk": 76, "fields": {"name": "Can view user", "content_type": 19, "codename": "view_customuser"}}, {"model": "auth.permission", "pk": 77, "fields": {"name": "Can add Məhsul", "content_type": 20, "codename": "add_basketitem"}}, {"model": "auth.permission", "pk": 78, "fields": {"name": "Can change Məhsul", "content_type": 20, "codename": "change_basketitem"}}, {"model": "auth.permission", "pk": 79, "fields": {"name": "Can delete Məhsul", "content_type": 20, "codename": "delete_basketitem"}}, {"model": "auth.permission", "pk": 80, "fields": {"name": "Can view Məhsul", "content_type": 20, "codename": "view_basketitem"}}, {"model": "auth.permission", "pk": 81, "fields": {"name": "Can add Məhsul", "content_type": 21, "codename": "add_favorite"}}, {"model": "auth.permission", "pk": 82, "fields": {"name": "Can change Məhsul", "content_type": 21, "codename": "change_favorite"}}, {"model": "auth.permission", "pk": 83, "fields": {"name": "Can delete Məhsul", "content_type": 21, "codename": "delete_favorite"}}, {"model": "auth.permission", "pk": 84, "fields": {"name": "Can view Məhsul", "content_type": 21, "codename": "view_favorite"}}, {"model": "auth.permission", "pk": 85, "fields": {"name": "Can add Sifariş", "content_type": 22, "codename": "add_order"}}, {"model": "auth.permission", "pk": 86, "fields": {"name": "Can change Sifariş", "content_type": 22, "codename": "change_order"}}, {"model": "auth.permission", "pk": 87, "fields": {"name": "Can delete Sifariş", "content_type": 22, "codename": "delete_order"}}, {"model": "auth.permission", "pk": 88, "fields": {"name": "Can view Sifariş", "content_type": 22, "codename": "view_order"}}, {"model": "auth.permission", "pk": 89, "fields": {"name": "Can add Məhsul", "content_type": 23, "codename": "add_orderitem"}}, {"model": "auth.permission", "pk": 90, "fields": {"name": "Can change Məhsul", "content_type": 23, "codename": "change_orderitem"}}, {"model": "auth.permission", "pk": 91, "fields": {"name": "Can delete Məhsul", "content_type": 23, "codename": "delete_orderitem"}}, {"model": "auth.permission", "pk": 92, "fields": {"name": "Can view Məhsul", "content_type": 23, "codename": "view_orderitem"}}, {"model": "auth.permission", "pk": 93, "fields": {"name": "Can add Şəkil", "content_type": 24, "codename": "add_productimage"}}, {"model": "auth.permission", "pk": 94, "fields": {"name": "Can change Şəkil", "content_type": 24, "codename": "change_productimage"}}, {"model": "auth.permission", "pk": 95, "fields": {"name": "Can delete Şəkil", "content_type": 24, "codename": "delete_productimage"}}, {"model": "auth.permission", "pk": 96, "fields": {"name": "Can view Şəkil", "content_type": 24, "codename": "view_productimage"}}, {"model": "auth.permission", "pk": 97, "fields": {"name": "Can add Setting", "content_type": 25, "codename": "add_generalsettings"}}, {"model": "auth.permission", "pk": 98, "fields": {"name": "Can change Setting", "content_type": 25, "codename": "change_generalsettings"}}, {"model": "auth.permission", "pk": 99, "fields": {"name": "Can delete Setting", "content_type": 25, "codename": "delete_generalsettings"}}, {"model": "auth.permission", "pk": 100, "fields": {"name": "Can view Setting", "content_type": 25, "codename": "view_generalsettings"}}, {"model": "auth.permission", "pk": 101, "fields": {"name": "Can add Nömrə", "content_type": 26, "codename": "add_phonenumber"}}, {"model": "auth.permission", "pk": 102, "fields": {"name": "Can change Nömrə", "content_type": 26, "codename": "change_phonenumber"}}, {"model": "auth.permission", "pk": 103, "fields": {"name": "Can delete Nömrə", "content_type": 26, "codename": "delete_phonenumber"}}, {"model": "auth.permission", "pk": 104, "fields": {"name": "Can view Nömrə", "content_type": 26, "codename": "view_phonenumber"}}, {"model": "auth.permission", "pk": 105, "fields": {"name": "Can add Mesaj", "content_type": 27, "codename": "add_contact"}}, {"model": "auth.permission", "pk": 106, "fields": {"name": "Can change Mesaj", "content_type": 27, "codename": "change_contact"}}, {"model": "auth.permission", "pk": 107, "fields": {"name": "Can delete Mesaj", "content_type": 27, "codename": "delete_contact"}}, {"model": "auth.permission", "pk": 108, "fields": {"name": "Can view Mesaj", "content_type": 27, "codename": "view_contact"}}, {"model": "contenttypes.contenttype", "pk": 1, "fields": {"app_label": "admin", "model": "logentry"}}, {"model": "contenttypes.contenttype", "pk": 2, "fields": {"app_label": "auth", "model": "permission"}}, {"model": "contenttypes.contenttype", "pk": 3, "fields": {"app_label": "auth", "model": "group"}}, {"model": "contenttypes.contenttype", "pk": 4, "fields": {"app_label": "contenttypes", "model": "contenttype"}}, {"model": "contenttypes.contenttype", "pk": 5, "fields": {"app_label": "sessions", "model": "session"}}, {"model": "contenttypes.contenttype", "pk": 6, "fields": {"app_label": "product", "model": "indexslider"}}, {"model": "contenttypes.contenttype", "pk": 7, "fields": {"app_label": "product", "model": "productcategory"}}, {"model": "contenttypes.contenttype", "pk": 8, "fields": {"app_label": "product", "model": "product"}}, {"model": "contenttypes.contenttype", "pk": 9, "fields": {"app_label": "product", "model": "categorybanner"}}, {"model": "contenttypes.contenttype", "pk": 10, "fields": {"app_label": "product", "model": "vendor"}}, {"model": "contenttypes.contenttype", "pk": 11, "fields": {"app_label": "product", "model": "about"}}, {"model": "contenttypes.contenttype", "pk": 12, "fields": {"app_label": "product", "model": "feature"}}, {"model": "contenttypes.contenttype", "pk": 13, "fields": {"app_label": "product", "model": "company"}}, {"model": "contenttypes.contenttype", "pk": 14, "fields": {"app_label": "product", "model": "partner"}}, {"model": "contenttypes.contenttype", "pk": 15, "fields": {"app_label": "product", "model": "statistic"}}, {"model": "contenttypes.contenttype", "pk": 16, "fields": {"app_label": "product", "model": "faq"}}, {"model": "contenttypes.contenttype", "pk": 17, "fields": {"app_label": "product", "model": "blog"}}, {"model": "contenttypes.contenttype", "pk": 18, "fields": {"app_label": "account", "model": "loginregisterpage"}}, {"model": "contenttypes.contenttype", "pk": 19, "fields": {"app_label": "account", "model": "customuser"}}, {"model": "contenttypes.contenttype", "pk": 20, "fields": {"app_label": "product", "model": "basketitem"}}, {"model": "contenttypes.contenttype", "pk": 21, "fields": {"app_label": "product", "model": "favorite"}}, {"model": "contenttypes.contenttype", "pk": 22, "fields": {"app_label": "product", "model": "order"}}, {"model": "contenttypes.contenttype", "pk": 23, "fields": {"app_label": "product", "model": "orderitem"}}, {"model": "contenttypes.contenttype", "pk": 24, "fields": {"app_label": "product", "model": "productimage"}}, {"model": "contenttypes.contenttype", "pk": 25, "fields": {"app_label": "product", "model": "generalsettings"}}, {"model": "contenttypes.contenttype", "pk": 26, "fields": {"app_label": "product", "model": "phonenumber"}}, {"model": "contenttypes.contenttype", "pk": 27, "fields": {"app_label": "product", "model": "contact"}}, {"model": "sessions.session", "pk": "39eyxzv4jfiwqfukjyqa2zicmwijopw9", "fields": {"session_data": ".eJxVjEEOwiAQRe_C2hAIZQZcuvcMDcxMpWogKe3KeHdt0oVu_3vvv9SYtrWMW5dlnFmdlVWn3y0nekjdAd9TvTVNra7LnPWu6IN2fW0sz8vh_h2U1Mu3FoeZp2DIOB8FwuBNYAQfiXyEKTJRRCYxE2AwDjENGZz1nBFsAFHvD-BEN58:1rUPPg:SJgUFSBNRMsidkrzMvPqOhdRuLumr2wxh5TFaF4q6kA", "expire_date": "2024-02-12T11:02:52.552Z"}}, {"model": "sessions.session", "pk": "6d9rskopbwju94kdid45t0i00iiadqj6", "fields": {"session_data": ".eJxVjEEOwiAQRe_C2hAIZQZcuvcMDcxMpWogKe3KeHdt0oVu_3vvv9SYtrWMW5dlnFmdlVWn3y0nekjdAd9TvTVNra7LnPWu6IN2fW0sz8vh_h2U1Mu3FoeZp2DIOB8FwuBNYAQfiXyEKTJRRCYxE2AwDjENGZz1nBFsAFHvD-BEN58:1rUjP1:z48wSv6ZdBYzbxmnZ52oMDVwM1WQYxGLOFy83Og3Gug", "expire_date": "2024-02-13T08:23:31.416Z"}}, {"model": "sessions.session", "pk": "a6yj0pjpa04uviynn951cdk2lytv4ke7", "fields": {"session_data": ".eJxVjEEOwiAQRe_C2pAO0IIu3fcMZIYBqRpISrsy3l1JutDtf-_9l_C4b9nvLa5-YXERIE6_G2F4xNIB37Hcqgy1bOtCsivyoE3OlePzerh_Bxlb7vWZFAJrHNKkojIpkU3G2GB0RHZMDDRqhWnk8NXcYBHBgVOgrZ3AivcHCFk4Hg:1rULUe:svxC1U2CY-Qu7x7dMW9K8jvJ97aM7fsNvFL_svd4vcA", "expire_date": "2024-02-12T06:51:44.035Z"}}, {"model": "sessions.session", "pk": "e45my2lmhvymnibdl9ueehgh8etcnr8g", "fields": {"session_data": ".eJxVjEEOwiAQRe_C2hAIZQZcuvcMDcxMpWogKe3KeHdt0oVu_3vvv9SYtrWMW5dlnFmdlVWn3y0nekjdAd9TvTVNra7LnPWu6IN2fW0sz8vh_h2U1Mu3FoeZp2DIOB8FwuBNYAQfiXyEKTJRRCYxE2AwDjENGZz1nBFsAFHvD-BEN58:1rUOSV:w5VbLltBwI8yDMf16mO26xihCNllCP0aPd4ES2LrsdE", "expire_date": "2024-02-12T10:01:43.167Z"}}, {"model": "sessions.session", "pk": "jkcdg91q0pc0i1euvwxoe2nnb3ldtsan", "fields": {"session_data": ".eJxVjEEOwiAQRe_C2hAIZQZcuvcMDcxMpWogKe3KeHdt0oVu_3vvv9SYtrWMW5dlnFmdlVWn3y0nekjdAd9TvTVNra7LnPWu6IN2fW0sz8vh_h2U1Mu3FoeZp2DIOB8FwuBNYAQfiXyEKTJRRCYxE2AwDjENGZz1nBFsAFHvD-BEN58:1rURzM:lgbPlQnIdXPQ0boJRwJTk3Jz4aI-fVSu6MXyB6yUBoE", "expire_date": "2024-02-12T13:47:52.037Z"}}, {"model": "sessions.session", "pk": "shwf3hz4phrtvi8y2ccoo96yylw6t39a", "fields": {"session_data": ".eJxVjEEOwiAQRe_C2hAIZQZcuvcMDcxMpWogKe3KeHdt0oVu_3vvv9SYtrWMW5dlnFmdlVWn3y0nekjdAd9TvTVNra7LnPWu6IN2fW0sz8vh_h2U1Mu3FoeZp2DIOB8FwuBNYAQfiXyEKTJRRCYxE2AwDjENGZz1nBFsAFHvD-BEN58:1rUM2x:2E5Sii4llI0tdl9_1441YYcVwbxSYNcGD91Gq1jS4mg", "expire_date": "2024-02-12T07:27:11.370Z"}}, {"model": "sessions.session", "pk": "xmt0plxowxb9fezqf5q7xcw65lx72dx9", "fields": {"session_data": ".eJxVjEEOwiAQRe_C2hAIZQZcuvcMDcxMpWogKe3KeHdt0oVu_3vvv9SYtrWMW5dlnFmdlVWn3y0nekjdAd9TvTVNra7LnPWu6IN2fW0sz8vh_h2U1Mu3FoeZp2DIOB8FwuBNYAQfiXyEKTJRRCYxE2AwDjENGZz1nBFsAFHvD-BEN58:1rUOSU:UQCSlxQC9fvMx2-Jkss5k-64OV3LY8ByvX-1xGjK8Zw", "expire_date": "2024-02-12T10:01:42.446Z"}}, {"model": "product.generalsettings", "pk": 1, "fields": {"site_title": "Ecoproduct Azərbaycan - sağlam qida, sağlam həyat", "adress": "Altes plaza", "email": "info@ecoproduct.az", "g_adress": "https://maps.app.goo.gl/yrctVTvdqTrnYLrC6", "g_adress_iframe": "https://www.google.com/maps/embed?pb=!1m18!1m12!1m3!1d3039.833915443703!2d49.818427974904814!3d40.36820685859301!2m3!1f0!2f0!3f0!3m2!1i1024!2i768!4f13.1!3m3!1m2!1s0x40307dc5db2da509%3A0x8cc1c152888dcd4b!2sAltes%20Plaza!5e0!3m2!1sen!2saz!4v1706605349228!5m2!1sen!2saz", "logo": "general_settings_logo/65999912_2987702664603868_2794060896756826112_n_FfLJ7pH.jpg", "mobile_logo": "general_settings_mobile_logo/65999912_2987702664603868_2794060896756826112_n.jpg", "favicon": "general_settings_favicon/65999912_2987702664603868_2794060896756826112_n.jpg", "footer_logo": "general_settings_footer_logo/65999912_2987702664603868_2794060896756826112_n.jpg", "footer_slogan": "Sağlam həyata bizimlə addımla! Sağlam qidalanma sağlam və uzunömürlülüyün təminatıdır. Qida rasionunuzda “Eco Product” şirkətinin məhsullarından istifadə etməklə siz öz yeməyinizi sağlam, faydalı, dadlı və əlbəttə ki sevimli edəcəksiniz.", "copyright_title": "vrproduction.az", "copyright_link": "https://vrproduction.az/", "facebook": "https://www.facebook.com/ecoproduct.az", "instagram": "https://www.instagram.com/eco_product_azerbaijan/", "youtube": "https://www.youtube.com/@EcoProductAzerbaijan", "tiktok": "https://www.tiktok.com/@ecoproductazerbaijan"}}, {"model": "product.phonenumber", "pk": 1, "fields": {"number": "+994 70 541 30 49", "setting": 1}}, {"model": "product.indexslider", "pk": 1, "fields": {"title": "Ecoproduct məhsulları <br> təbii və dadlıdır", "description": "Kətan unu - selenium, kalium, maqnezium", "image": "index_slider/Kətan_unu_-_selenium_kalium_maqnezium.png"}}, {"model": "product.productcategory", "pk": 1, "fields": {"title": "Crunchy", "image": "category/Xırçıldayan_gavalı_batonu_gVGgp0e.png"}}, {"model": "product.productcategory", "pk": 2, "fields": {"title": "Küncüt", "image": "category/Yağlı_bitkilər_küncüt_toxumları_VmIcUBc.png"}}, {"model": "product.productcategory", "pk": 3, "fields": {"title": "Kətan", "image": "category/Kətan_unu_kJbNc5Z.png"}}, {"model": "product.productcategory", "pk": 4, "fields": {"title": "Səhər yeməkləri", "image": "category/Go_On_protein_granola_şokoladlı_və_fındıqlı_-_Sante_D2TBxiE.png"}}, {"model": "product.productcategory", "pk": 5, "fields": {"title": "Xlepsi", "image": "category/Başlıqsız_dizayn_16_PpMTG4b.png"}}, {"model": "product.productcategory", "pk": 6, "fields": {"title": "Çətənə məhsulları", "image": "category/Без_3_XH8Nrtj.png"}}, {"model": "product.productcategory", "pk": 7, "fields": {"title": "Protein", "image": "category/Go_On_protein_granola_şokoladlı_və_fındıqlı_-_Sante_jcIyqV3.png"}}, {"model": "product.productcategory", "pk": 8, "fields": {"title": "Yulaflı məhsullar", "image": "category/Yulaf_və_bal_ilə_dənli_baton.jpg"}}, {"model": "product.vendor", "pk": 1, "fields": {"title": "Sante"}}, {"model": "product.vendor", "pk": 2, "fields": {"title": "Hemps fruit"}}, {"model": "product.vendor", "pk": 3, "fields": {"title": "Go On protein"}}, {"model": "product.vendor", "pk": 4, "fields": {"title": "Компас Здоровья"}}, {"model": "product.vendor", "pk": 5, "fields": {"title": "KONOPLEKTIKA"}}, {"model": "product.vendor", "pk": 6, "fields": {"title": "Kupiec"}}, {"model": "product.product", "pk": 4, "fields": {"title": "Hemps fruit - çətənəli xaşxaş ilə", "description": "<p><span style=\"font-size:11.0pt\"><span style=\"font-family:&quot;Calibri&quot;,&quot;sans-serif&quot;\">&Ccedil;ətənə toxumunun faydaları saymaqla t&uuml;kənməz. Ecoproduct-un &ccedil;ətənə tərkibli məhsulları sağlamlığınızla bağlı bir &ccedil;ox problemi həll edəcək. Belə ki, bu məhsullar iltihab əleyhinədir, dəri problemlərini aradan qaldırır, şəkərli diabet xəstəliyinin d&uuml;şmənidir və metabolik sindrom-dan əziyyət &ccedil;əkənlər &uuml;&ccedil;&uuml;n &ccedil;ox faydalıdır.</span></span></p>", "using_time": null, "category": 6, "badges": null, "image": "product/Hemps_fruit_-_çətənəli_xaşxaş_ilə.png", "vendor": 4, "price": 3.5, "discount": 10, "is_main_page": false, "stock": 0}}, {"model": "product.product", "pk": 5, "fields": {"title": "Hemps fruit - çətənəli", "description": "<p><span style=\"font-size:11.0pt\"><span style=\"font-family:&quot;Calibri&quot;,&quot;sans-serif&quot;\">&Ccedil;ətənə tərkibli batonlar - bu məhsullar iltihab əleyhinədir, dəri problemlərini aradan qaldırır, şəkərli diabet xəstəliyinin d&uuml;şmənidir və metabolik sindrom-dan əziyyət &ccedil;əkənlər &uuml;&ccedil;&uuml;n &ccedil;ox faydalıdır.</span></span></p>", "using_time": 2, "category": 6, "badges": 1, "image": "product/Hemps_fruit_-_çətənəli.png", "vendor": 4, "price": 3.5, "discount": 10, "is_main_page": true, "stock": 0}}, {"model": "product.product", "pk": 6, "fields": {"title": "Qrilyajlı kətan batonu - Flaks baton, banan", "description": "<p><span style=\"font-size:11.0pt\"><span style=\"font-family:&quot;Calibri&quot;,&quot;sans-serif&quot;\">Bananlı, tutumlu, kətan toxumu tərkibli batonlar. Bu qidalar liflə zəngindir, qəbizliyin qarşısını alır, həzm sistemini yaxşılaşdırır. Orqanizmdə təhl&uuml;kəli xəstəliklərə qarşı profilaktik tədbir g&ouml;r&uuml;r.</span></span></p>", "using_time": null, "category": 3, "badges": 1, "image": "product/Qrilyajlı_kətan_batonu_-_Flaks_baton_banan.png", "vendor": 4, "price": 2.3, "discount": 10, "is_main_page": false, "stock": 0}}, {"model": "product.product", "pk": 7, "fields": {"title": "Qrilyajlı kətan batonu - Flaks baton, kətan", "description": "<p><span style=\"font-size:11.0pt\"><span style=\"font-family:&quot;Calibri&quot;,&quot;sans-serif&quot;\">Kətan toxumu tərkibli məhsullar ilə həm fərqli dadlardan həzz al, həm də sağlamlığını qoru. Bu qidalar liflə zəngindir, qəbizliyin qarşısını alır, həzm sistemini yaxşılaşdırır. Orqanizmdə təhl&uuml;kəli xəstəliklərə qarşı profilaktik tədbir g&ouml;r&uuml;r.</span></span></p>", "using_time": null, "category": 3, "badges": null, "image": "product/Qrilyajlı_kətan_batonu_-_Flaks_baton_kətan.png", "vendor": 4, "price": 2.3, "discount": 10, "is_main_page": false, "stock": 0}}, {"model": "product.product", "pk": 8, "fields": {"title": "Qrilyajlı kətan batonu - Flaks baton, miks", "description": "<p><span style=\"font-size:11.0pt\"><span style=\"font-family:&quot;Calibri&quot;,&quot;sans-serif&quot;\">Bir-birindən fərqli dadlarda kətan toxumu tərkibli batonlar - Bu qidalar liflə zəngindir, qəbizliyin qarşısını alır, həzm sistemini yaxşılaşdırır.&nbsp;</span></span></p>", "using_time": null, "category": 3, "badges": 2, "image": "product/Qrilyajlı_kətan_batonu_-_Flaks_baton_miks.png", "vendor": 4, "price": 2.3, "discount": 10, "is_main_page": false, "stock": 0}}, {"model": "product.product", "pk": 9, "fields": {"title": "Qrilyajlı kətan batonu - Flaks baton, portağal", "description": "<p><span style=\"font-size:11.0pt\"><span style=\"font-family:&quot;Calibri&quot;,&quot;sans-serif&quot;\">Kətan toxumu tərkibli və portağallı baton: həm dadını &ccedil;ox bəyənəcəksən,&nbsp;həm də bu qida sağlamlığının &uuml;&ccedil;&uuml;n olduqca faydalıdır. &Ccedil;&uuml;nki liflə zəngindir, qəbizlik yaratmır, həzm&nbsp;sisteminə yaxşı təsir edir.&nbsp;</span></span></p>", "using_time": null, "category": 3, "badges": null, "image": "product/Qrilyajlı_kətan_batonu_-_Flaks_baton_portağal.png", "vendor": 4, "price": 2.3, "discount": 10, "is_main_page": false, "stock": 0}}, {"model": "product.product", "pk": 10, "fields": {"title": "Qrilyajlı kətan batonu - Flaks baton, qaragavalı", "description": "<p><span style=\"font-size:11.0pt\"><span style=\"font-family:&quot;Calibri&quot;,&quot;sans-serif&quot;\">Kətan toxumu qaragavalı dadı ilə birləşdi: bu batonlar həm fərqli dadlardan həzz almaq, həm də bol vitaminlə sağlamlığın qeydinə qalmaq &uuml;&ccedil;&uuml;n nəzərdə tutulub.&nbsp;</span></span></p>", "using_time": null, "category": 3, "badges": 2, "image": "product/Qrilyajlı_kətan_batonu_-_Flaks_baton_qaragavalı.png", "vendor": 4, "price": 2.3, "discount": 10, "is_main_page": true, "stock": 0}}, {"model": "product.product", "pk": 11, "fields": {"title": "Qrilyajlı kətan batonu - Flaks baton, quşüzümü", "description": "<p><span style=\"font-size:11.0pt\"><span style=\"font-family:&quot;Calibri&quot;,&quot;sans-serif&quot;\">Quş&uuml;z&uuml;m&uuml; dadı ilə kətan toxumunun m&uuml;alicəvi təsirlərindən faydalaşmış olacaqsan. Liflə zəngin bu batonları&nbsp;se&ccedil;ərək&nbsp;sağlamlığını qoru.&nbsp;</span></span></p>", "using_time": null, "category": 3, "badges": 2, "image": "product/Qrilyajlı_kətan_batonu_-_Flaks_baton_quşüzümü.png", "vendor": 4, "price": 2.3, "discount": 10, "is_main_page": false, "stock": 0}}, {"model": "product.product", "pk": 12, "fields": {"title": "Qrilyajlı kətan batonu - Flaks baton, zəncəfil", "description": "<p><span style=\"font-size:11.0pt\"><span style=\"font-family:&quot;Calibri&quot;,&quot;sans-serif&quot;\">Bir tərəfdə kətan toxumunun sonsuz faydaları, digər tərəfdə zəncəfilin m&uuml;alicəvi təsirləri. Hər ikisi məhz sənin &uuml;&ccedil;&uuml;n Ecoproduct-un kətan tərkibli batonlarındadır. Orqanizmdə yarana biləcək xəstəliklərə qarşı profilaktik tədbir g&ouml;rmək istəyirsənsə, bu dadı&nbsp;sına.</span></span></p>", "using_time": null, "category": 3, "badges": 3, "image": "product/Qrilyajlı_kətan_batonu_-_Flaks_baton_zəncəfil.png", "vendor": 4, "price": 2.3, "discount": 10, "is_main_page": false, "stock": 0}}, {"model": "product.product", "pk": 13, "fields": {"title": "Rafinə olunmamış çətənə yağı", "description": "<p><span style=\"font-family:Calibri, sans-serif\"><span style=\"font-size:14.6667px\">Ailənizin və&nbsp;</span></span><span style=\"font-family:Calibri,sans-serif\"><span style=\"font-size:14.6667px\">sizin&nbsp;sağlamlığınız &uuml;&ccedil;&uuml;n rafinə olunmamış, tam təbii yağdan istifadə etmək vacibdir. &Ccedil;ətənə məhsulları, eləcə də bu &ccedil;ətənə yağı m&uuml;alicəvi dəstəyi ilə&nbsp;s&uuml;frənizin bəzəyi olacaq.</span></span></p>", "using_time": null, "category": 6, "badges": 1, "image": "product/Rafinə_olunmamış_çətənə_yağı.png", "vendor": 4, "price": 28.0, "discount": 10, "is_main_page": false, "stock": 0}}, {"model": "product.product", "pk": 14, "fields": {"title": "Rafinə olunmamış kətan yağı", "description": "<p><span style=\"font-family:Calibri, sans-serif\"><span style=\"font-size:14.6667px\">Orqanizmdə tərəfindən rahat həzm olunan, maddələr m&uuml;badilə</span></span><span style=\"font-family:Calibri,sans-serif\"><span style=\"font-size:14.6667px\">sini tənzimləyən, vitamin deposu rafinə olunmamış kətan yağından istifadə et.</span></span></p>", "using_time": null, "category": 3, "badges": 1, "image": "product/Rafinə_olunmamış_kətan_yağı.png", "vendor": 4, "price": 17.0, "discount": 10, "is_main_page": true, "stock": 0}}, {"model": "product.product", "pk": 15, "fields": {"title": "Kətan toxumları - selenium, xrom, silisium", "description": "<p><span style=\"font-size:11.0pt\"><span style=\"font-family:&quot;Calibri&quot;,&quot;sans-serif&quot;\">Bu qidalar liflə zəngindir, qəbizliyin qarşısını alır, həzm sistemini yaxşılaşdırır. Orqanizmdə təhl&uuml;kəli xəstəliklərə qarşı profilaktik tədbir g&ouml;r&uuml;r.</span></span></p>", "using_time": null, "category": 3, "badges": 1, "image": "product/Kətan_toxumları_-_selenium_xrom_silisium.png", "vendor": 4, "price": 8.5, "discount": 20, "is_main_page": false, "stock": 0}}, {"model": "product.product", "pk": 16, "fields": {"title": "Kətan unu - selenium, kalium, maqnezium", "description": "<p><span style=\"font-size:11.0pt\"><span style=\"font-family:&quot;Calibri&quot;,&quot;sans-serif&quot;\">kətan toxumu tərkibli məhsullar: almalı və dar&ccedil;ınlı, qaragilə tərkibli, həm&ccedil;inin pomidorlu krekerlər ilə həm fərqli dadlardan həzz al, həm də sağlamlığını qoru. Bu qidalar liflə zəngindir, qəbizliyin qarşısını alır, həzm sistemini yaxşılaşdırır. Orqanizmdə təhl&uuml;kəli xəstəliklərə qarşı profilaktik tədbir g&ouml;r&uuml;r.</span></span></p>", "using_time": null, "category": 3, "badges": 1, "image": "product/Kətan_unu_-_selenium_kalium_maqnezium.png", "vendor": 4, "price": 8.0, "discount": 10, "is_main_page": false, "stock": 0}}, {"model": "product.product", "pk": 18, "fields": {"title": "Buğda əlavəsi olmayan qarğıdalı lopası", "description": "<p><span style=\"font-size:11.0pt\"><span style=\"font-family:&quot;Calibri&quot;,&quot;sans-serif&quot;\">G&uuml;nə enerjili başlamaq &uuml;&ccedil;&uuml;n həm b&ouml;y&uuml;klərin, həm də uşaqların&nbsp;sevimli yeməyi Qarğıdalı lopası. Ecoproduct-un laktozasız&nbsp;s&uuml;dləri ilə birgə qarğıdalı lopasının dadından həzz almağı&nbsp;se&ccedil;in.</span></span></p>", "using_time": null, "category": 4, "badges": null, "image": "product/Buğda_əlavəsi_olmayan_qarğıdalı_lopası.jpg", "vendor": 1, "price": 3.99, "discount": 10, "is_main_page": false, "stock": 0}}, {"model": "product.product", "pk": 19, "fields": {"title": "Yulaf və bal ilə dənli baton", "description": "<p><span style=\"font-size:11.0pt\"><span style=\"font-family:&quot;Calibri&quot;,&quot;sans-serif&quot;\">İki m&uuml;alicəvi ləzzətin birləşməsi! &Ccedil;əki atmağa k&ouml;mək edən bu batonlar həm də enerjinizi bərpa edəcək.</span></span></p>", "using_time": null, "category": 8, "badges": null, "image": "product/Yulaf_və_bal_ilə_dənli_baton.jpg", "vendor": 1, "price": 1.5, "discount": 10, "is_main_page": false, "stock": 0}}, {"model": "product.product", "pk": 20, "fields": {"title": "Yulaf və quşüzümü ilə dənli baton", "description": "<p><span style=\"font-size:11.0pt\"><span style=\"font-family:&quot;Calibri&quot;,&quot;sans-serif&quot;\">Yulaf və quş&uuml;z&uuml;m&uuml; tərkibli baton - məhsulun tərkibində palma yağı, ql&uuml;ten, şəkər yoxdur.&nbsp;</span></span></p>", "using_time": null, "category": 8, "badges": null, "image": "product/Yulaf_və_quşüzümü_ilə_dənli_baton.png", "vendor": 1, "price": 1.5, "discount": 10, "is_main_page": false, "stock": 0}}, {"model": "product.product", "pk": 21, "fields": {"title": "Yulaf və şokolad ilə dənli baton", "description": "<p><span style=\"font-size:11.0pt\"><span style=\"font-family:&quot;Calibri&quot;,&quot;sans-serif&quot;\">Yulafın faydalarını şokolad dadı ilə birgə kəşf et. Rahatlıqla &ccedil;əki at, amma enerjin də azalmasın - ən ideal şirniyyat&nbsp;se&ccedil;imlərindən biri.</span></span></p>", "using_time": null, "category": 7, "badges": null, "image": "product/Yulaf_və_şokolad_ilə_dənli_baton.jpg", "vendor": 1, "price": 1.5, "discount": 10, "is_main_page": false, "stock": 0}}, {"model": "product.product", "pk": 22, "fields": {"title": "Bananlı xırçıldayan krekerlər", "description": "<p><span style=\"font-size:11pt\"><span style=\"font-family:Calibri,&quot;sans-serif&quot;\">Kətan toxumu tərkibli və bananlı xır&ccedil;ıldayan krekerlər. Həm atıştırmalıq kimi, həm də pəhrizdə ideal qida kimi istifadə edə bilərsiniz.&nbsp;</span></span></p>", "using_time": null, "category": 3, "badges": 1, "image": "product/Bananlı_xırçıldayan.png", "vendor": 1, "price": 6.2, "discount": 10, "is_main_page": false, "stock": 0}}, {"model": "product.product", "pk": 23, "fields": {"title": "Go on Protein – qranul şokoladlı və albalı", "description": "<p><span style=\"font-size:11.0pt\"><span style=\"font-family:&quot;Calibri&quot;,&quot;sans-serif&quot;\">Keyfiyyətli məhsulların k&ouml;məyi ilə orqanizmi proteinlə təmin edin. Təkcə&nbsp;</span></span>səhərlər yox, &uuml;mumi olaraq g&uuml;n ərzində enerjinizi y&uuml;ksəldəcək,&nbsp;sağlam məhsuldur.</p>", "using_time": null, "category": 7, "badges": null, "image": "product/Go_on_Protein__qranul_şokoladlı_və_albalı.png", "vendor": 1, "price": 8.9, "discount": 10, "is_main_page": false, "stock": 0}}, {"model": "product.product", "pk": 24, "fields": {"title": "Go on Protein – qranul şokoladlı və fındıqlı", "description": "<p><span style=\"font-size:11.0pt\"><span style=\"font-family:&quot;Calibri&quot;,&quot;sans-serif&quot;\">Bu, sağlam tərkibli qida vasitəsidir, həm enerji verir, həm də protein ehtiyacınızı tamamlayır: ya ləzzətli&nbsp;</span></span>səhər yeməyi&nbsp;se&ccedil;imi, ya da g&uuml;norta ağzınızı dadlandıracaq atıştımalıq kimi.</p>", "using_time": null, "category": 7, "badges": null, "image": "product/Go_on_Protein__qranul_şokoladlı_və_fındıqlı.png", "vendor": 1, "price": 8.9, "discount": 20, "is_main_page": false, "stock": 0}}, {"model": "product.product", "pk": 25, "fields": {"title": "Meyvəli xırçıldayan krekerlər", "description": "<p>Bol vitamin və mineralla, Omega 3 ilə zəngindir. Kətan toxumu tərkibli bu krekerlər təkcə ləzzətli bir desert deyil, həm də orqanizmi bərpa etmək &uuml;&ccedil;&uuml;n t&ouml;vsiyə olunan olduqca faydalı qidadır.</p>", "using_time": null, "category": 3, "badges": null, "image": "product/Meyvəli_xırçıldayan.png", "vendor": 1, "price": 6.2, "discount": 10, "is_main_page": false, "stock": 0}}, {"model": "product.product", "pk": 26, "fields": {"title": "Kətan unu", "description": "<p>Kətan unundan fərqli xəmir işləri hazırlayarkən və ya&nbsp;səhər yeməklərinin tamamlayıcı bir dadı kimi istifadə edə bilərsiniz. Zəngin lif ehtiyatı ilə&nbsp;sağlamlıq &uuml;&ccedil;&uuml;n olduqca faydalı bir məhsuldur.</p>", "using_time": null, "category": 3, "badges": null, "image": "product/Kətan_unu_jSr64tY.png", "vendor": 4, "price": 7.5, "discount": 10, "is_main_page": false, "stock": 0}}, {"model": "product.product", "pk": 27, "fields": {"title": "Qranul - dənəvər yer fındığı", "description": "<p><span style=\"font-size:11.0pt\"><span style=\"font-family:&quot;Calibri&quot;,&quot;sans-serif&quot;\">Xır&ccedil;ıldayan və sağlam ləzzət. Həm atıştırmalıq kimi, həm də pəhrizdə ideal qida kimi istifadə edə bilərsiniz.&nbsp;</span></span></p>", "using_time": null, "category": 4, "badges": null, "image": "product/Qranul_-_dənəvər_yer_fındığı.png", "vendor": 1, "price": 6.2, "discount": 10, "is_main_page": false, "stock": 0}}, {"model": "product.product", "pk": 28, "fields": {"title": "Qranul - qoz-fındıq, bal ilə lopalar", "description": "<p><span style=\"font-size:11.0pt\"><span style=\"font-family:&quot;Calibri&quot;,&quot;sans-serif&quot;\">Həm atıştırmalıq kimi, həm də pəhrizdə ideal qida kimi istifadə edə bilərsiniz. Sizə lazım olan enerjini təmin edəcək tərkibi ilə zəngin bu qidalar zərərli qatqı maddələrindən və şəkərdən azaddır.</span></span></p>", "using_time": null, "category": 4, "badges": null, "image": "product/Qranul_-_qoz-fındıq_bal_ilə_lopalar.png", "vendor": 1, "price": 6.4, "discount": 10, "is_main_page": false, "stock": 0}}, {"model": "product.product", "pk": 29, "fields": {"title": "Qranul ağ şokolad çiyələkli", "description": "<p><span style=\"font-size:11.0pt\"><span style=\"font-family:&quot;Calibri&quot;,&quot;sans-serif&quot;\">Xır&ccedil;ıldayan və sağlam ləzzət. Sizə lazım olan enerjini təmin edəcək tərkibi ilə zəngin bu qidalar zərərli qatqı maddələrindən və şəkərdən azaddır.</span></span></p>", "using_time": null, "category": 4, "badges": null, "image": "product/Qranul_ağ_şokolad_çiyələkli.webp", "vendor": 1, "price": 6.2, "discount": 10, "is_main_page": false, "stock": 0}}, {"model": "product.product", "pk": 30, "fields": {"title": "Qranul Belçika şokoladlı və portağal ilə lopalar", "description": "<p><span style=\"font-size:11.0pt\"><span style=\"font-family:&quot;Calibri&quot;,&quot;sans-serif&quot;\">Xır&ccedil;ıldayan və sağlam ləzzət. Həm atıştırmalıq kimi, həm də pəhrizdə ideal qida kimi istifadə edə bilərsiniz.&nbsp;</span></span></p>", "using_time": null, "category": 4, "badges": null, "image": "product/Qranul_Belçika_şokoladlı_və_portağal_ilə_lopalar.png", "vendor": 1, "price": 6.4, "discount": 10, "is_main_page": false, "stock": 0}}, {"model": "product.product", "pk": 31, "fields": {"title": "Qranul dənəvər meyvə", "description": "<p><span style=\"font-size:11.0pt\"><span style=\"font-family:&quot;Calibri&quot;,&quot;sans-serif&quot;\">Sizə lazım olan enerjini təmin edəcək tərkibi ilə zəngin bu qidalar zərərli qatqı maddələrindən və şəkərdən azaddır. Meyvə tərkibli qranul.</span></span></p>", "using_time": null, "category": 4, "badges": null, "image": "product/Qranul_dənəvər_meyvə.png", "vendor": 1, "price": 6.2, "discount": 10, "is_main_page": false, "stock": 0}}, {"model": "product.product", "pk": 32, "fields": {"title": "Qranul dənəvər şokolad", "description": "<p><span style=\"font-family:Calibri, sans-serif\"><span style=\"font-size:14.6667px\">Şokolad &ccedil;ox yeməkdən &ccedil;əkinən in</span></span><span style=\"font-family:Calibri,sans-serif\"><span style=\"font-size:14.6667px\">sanlar tərkibində qatqı maddələri olmayan, şokolad tərkibli və&nbsp;sağlam məhsul olan bu qranulları dada bilər.</span></span></p>", "using_time": null, "category": 4, "badges": null, "image": "product/Qranul_dənəvər_şokolad.png", "vendor": 1, "price": 6.2, "discount": 10, "is_main_page": false, "stock": 0}}, {"model": "product.product", "pk": 33, "fields": {"title": "Fındıq və badam ilə dənli baton - 1.50 Sante", "description": "<p><span style=\"font-size:11.0pt\"><span style=\"font-family:&quot;Calibri&quot;,&quot;sans-serif&quot;\">B vitamini ilə zəngin, aclıq hissini aradan qaldıran, həm tox tutan, həm də &ccedil;əki atmağa k&ouml;mək edən dadlı baton n&ouml;vləri. Bu batonlar zərərli şirniyyat və şokolad n&ouml;vlərindən uzaq durmaq istəyənlərin ən sevimli se&ccedil;imidir. Crunchy batonları ilə şirniyyat yeyərək də arıqlamaq m&uuml;mk&uuml;nd&uuml;r.</span></span></p>", "using_time": null, "category": 1, "badges": null, "image": "product/Fındıq_və_badam_ilə_dənli_baton_-_1.50_Sante.png", "vendor": 1, "price": 1.5, "discount": 10, "is_main_page": false, "stock": 0}}, {"model": "product.product", "pk": 34, "fields": {"title": "Fındıq və badam ilə şokoladlı xırçıldayan baton - 1.50 Sante", "description": "<p><span style=\"font-size:11.0pt\"><span style=\"font-family:&quot;Calibri&quot;,&quot;sans-serif&quot;\">B vitamini ilə zəngin, aclıq hissini aradan qaldıran, həm tox tutan, həm də &ccedil;əki atmağa k&ouml;mək edən dadlı baton n&ouml;vləri. Bu batonlar zərərli şirniyyat və şokolad n&ouml;vlərindən uzaq durmaq istəyənlərin ən sevimli se&ccedil;imidir. Crunchy batonları ilə şirniyyat yeyərək də arıqlamaq m&uuml;mk&uuml;nd&uuml;r.</span></span></p>", "using_time": null, "category": 1, "badges": null, "image": "product/Fındıq_və_badam_ilə_şokoladlı_xırçıldayan_baton_-_1.50_Sante.png", "vendor": 1, "price": 1.5, "discount": 10, "is_main_page": false, "stock": 0}}, {"model": "product.product", "pk": 35, "fields": {"title": "Quşüzümü və moruq ilə xırçıldayan kəpək batonu - 1.50 Sante", "description": "<p><span style=\"font-size:11.0pt\"><span style=\"font-family:&quot;Calibri&quot;,&quot;sans-serif&quot;\">B vitamini ilə zəngin, aclıq hissini aradan qaldıran, həm tox tutan, həm də &ccedil;əki atmağa k&ouml;mək edən dadlı baton n&ouml;vləri. Bu batonlar zərərli şirniyyat və şokolad n&ouml;vlərindən uzaq durmaq istəyənlərin ən sevimli se&ccedil;imidir. Crunchy batonları ilə şirniyyat yeyərək də arıqlamaq m&uuml;mk&uuml;nd&uuml;r.</span></span></p>", "using_time": null, "category": 1, "badges": null, "image": "product/Quşüzümü_və_moruq_ilə_xırçıldayan_kəpək_batonu_-_1.50_Sante.png", "vendor": 1, "price": 1.5, "discount": 10, "is_main_page": false, "stock": 0}}, {"model": "product.product", "pk": 36, "fields": {"title": "Xırçıldayan gavalı batonu - 1.50 azn Sante", "description": "<p><span style=\"font-size:11.0pt\"><span style=\"font-family:&quot;Calibri&quot;,&quot;sans-serif&quot;\">B vitamini ilə zəngin, aclıq hissini aradan qaldıran, həm tox tutan, həm də &ccedil;əki atmağa k&ouml;mək edən dadlı baton n&ouml;vləri. Bu batonlar zərərli şirniyyat və şokolad n&ouml;vlərindən uzaq durmaq istəyənlərin ən sevimli se&ccedil;imidir. Crunchy batonları ilə şirniyyat yeyərək də arıqlamaq m&uuml;mk&uuml;nd&uuml;r.</span></span></p>", "using_time": null, "category": 1, "badges": null, "image": "product/Xırçıldayan_gavalı_batonu_-_1.50_azn_Sante.png", "vendor": 1, "price": 1.5, "discount": 10, "is_main_page": false, "stock": 0}}, {"model": "product.product", "pk": 37, "fields": {"title": "Xırçıldayan şokoladlı banan batonu - 1.5 Sante", "description": "<p><span style=\"font-size:11.0pt\"><span style=\"font-family:&quot;Calibri&quot;,&quot;sans-serif&quot;\">B vitamini ilə zəngin, aclıq hissini aradan qaldıran, həm tox tutan, həm də &ccedil;əki atmağa k&ouml;mək edən dadlı baton n&ouml;vləri. Bu batonlar zərərli şirniyyat və şokolad n&ouml;vlərindən uzaq durmaq istəyənlərin ən sevimli se&ccedil;imidir. Crunchy batonları ilə şirniyyat yeyərək də arıqlamaq m&uuml;mk&uuml;nd&uuml;r.</span></span></p>", "using_time": null, "category": 1, "badges": null, "image": "product/Xırçıldayan_şokoladlı_banan_batonu_-_1.5_Sante.png", "vendor": 1, "price": 1.5, "discount": 10, "is_main_page": false, "stock": 0}}, {"model": "product.product", "pk": 38, "fields": {"title": "Fital mərcanı, qarağat, goji giləmeyvəsi", "description": "<p><span style=\"font-size:11.0pt\"><span style=\"font-family:&quot;Calibri&quot;,&quot;sans-serif&quot;\">Sağlam, qatqısız və dadlı səhər yeməyi - Sante-nin M&uuml;sliləri toksinləri təmizləyir, təzyiqi normallaşdırır, &ccedil;əki salmağa k&ouml;mək edir.</span></span></p>", "using_time": null, "category": 4, "badges": null, "image": "product/Fital_mərcanı_qarağat_goji_giləmeyvəsi.webp", "vendor": 1, "price": 4.5, "discount": 10, "is_main_page": false, "stock": 0}}, {"model": "product.product", "pk": 39, "fields": {"title": "Almalı və darçınlı krekerlər", "description": "<p><span style=\"font-size:11.0pt\"><span style=\"font-family:&quot;Calibri&quot;,&quot;sans-serif&quot;\">Kətan toxumlu krekerlər - 3 fərqli tərkibdə; bananlı, meyvəli və şokoladlı. Bu krekerlər bol vitamin və mineralla, Omega 3 ilə zəngindir. Kətan toxumu tərkibli bu krekerlər təkcə ləzzətli bir desert deyil, həm də orqanizmi bərpa etmək &uuml;&ccedil;&uuml;n t&ouml;vsiyə olunan olduqca faydalı qidadır.</span></span></p>", "using_time": null, "category": 3, "badges": null, "image": "product/Almalı_və_darçınlı_krekerlər.png", "vendor": 4, "price": 11.0, "discount": 10, "is_main_page": false, "stock": 0}}, {"model": "product.product", "pk": 40, "fields": {"title": "Pomidorlu krekerlər", "description": "<p><span style=\"font-size:11.0pt\"><span style=\"font-family:&quot;Calibri&quot;,&quot;sans-serif&quot;\">Kətan toxumlu krekerlər - 3 fərqli tərkibdə; bananlı, meyvəli və şokoladlı. Bu krekerlər bol vitamin və mineralla, Omega 3 ilə zəngindir. Kətan toxumu tərkibli bu krekerlər təkcə ləzzətli bir desert deyil, həm də orqanizmi bərpa etmək &uuml;&ccedil;&uuml;n t&ouml;vsiyə olunan olduqca faydalı qidadır.</span></span></p>", "using_time": null, "category": 3, "badges": null, "image": "product/Pomidorlu_krekerlər.png", "vendor": 4, "price": 11.0, "discount": 10, "is_main_page": false, "stock": 0}}, {"model": "product.product", "pk": 41, "fields": {"title": "Qaragilə ilə krekerlər", "description": "<p><span style=\"font-size:11.0pt\"><span style=\"font-family:&quot;Calibri&quot;,&quot;sans-serif&quot;\">Kətan toxumlu krekerlər - 3 fərqli tərkibdə; bananlı, meyvəli və şokoladlı. Bu krekerlər bol vitamin və mineralla, Omega 3 ilə zəngindir. Kətan toxumu tərkibli bu krekerlər təkcə ləzzətli bir desert deyil, həm də orqanizmi bərpa etmək &uuml;&ccedil;&uuml;n t&ouml;vsiyə olunan olduqca faydalı qidadır.</span></span></p>", "using_time": null, "category": 3, "badges": null, "image": "product/Qaragilə_ilə_krekerlər.png", "vendor": 4, "price": 11.0, "discount": 10, "is_main_page": false, "stock": 0}}, {"model": "product.product", "pk": 42, "fields": {"title": "Go On Enerji", "description": "<p><span style=\"font-size:11.0pt\"><span style=\"font-family:&quot;Calibri&quot;,&quot;sans-serif&quot;\">keyfiyyətli məhsulların k&ouml;məyi ilə orqanizmi proteinlə təmin edin. X&uuml;susilə g&uuml;ndəlik aktiv fəaliyyətdə olan insanlar &uuml;&ccedil;&uuml;n Go On Protein batonları əvəzedilməz olacaq. Bu batonlar həm sağlam tərkibli qida vasitəsidir, həm enerji verir, həm də protein ehtiyacınızı tamamlayır. Hər zaman &ccedil;antanızda doyurucu atıştırmalıq kimi saxlaya bilərsiniz.</span></span></p>", "using_time": null, "category": 7, "badges": null, "image": "product/Go_On_Enerji.jpg", "vendor": 1, "price": 3.2, "discount": 10, "is_main_page": false, "stock": 0}}, {"model": "product.product", "pk": 43, "fields": {"title": "Go On Kakaolu baton", "description": "<p><span style=\"font-size:11.0pt\"><span style=\"font-family:&quot;Calibri&quot;,&quot;sans-serif&quot;\">keyfiyyətli məhsulların k&ouml;məyi ilə orqanizmi proteinlə təmin edin. X&uuml;susilə g&uuml;ndəlik aktiv fəaliyyətdə olan insanlar &uuml;&ccedil;&uuml;n Go On Protein batonları əvəzedilməz olacaq. Bu batonlar həm sağlam tərkibli qida vasitəsidir, həm enerji verir, həm də protein ehtiyacınızı tamamlayır. Hər zaman &ccedil;antanızda doyurucu atıştırmalıq kimi saxlaya bilərsiniz.</span></span></p>", "using_time": null, "category": 7, "badges": null, "image": "product/Go_On_Kakaolu_baton.jpg", "vendor": 1, "price": 2.7, "discount": 10, "is_main_page": false, "stock": 0}}, {"model": "product.product", "pk": 44, "fields": {"title": "Go On Keto - vanilli baton - 500x500", "description": "<p><span style=\"font-size:11.0pt\"><span style=\"font-family:&quot;Calibri&quot;,&quot;sans-serif&quot;\">keyfiyyətli məhsulların k&ouml;məyi ilə orqanizmi proteinlə təmin edin. X&uuml;susilə g&uuml;ndəlik aktiv fəaliyyətdə olan insanlar &uuml;&ccedil;&uuml;n Go On Protein batonları əvəzedilməz olacaq. Bu batonlar həm sağlam tərkibli qida vasitəsidir, həm enerji verir, həm də protein ehtiyacınızı tamamlayır. Hər zaman &ccedil;antanızda doyurucu atıştırmalıq kimi saxlaya bilərsiniz.</span></span></p>", "using_time": null, "category": 7, "badges": null, "image": "product/Go_On_Keto_-_vanilli_baton_-_500x500.png", "vendor": 1, "price": 3.4, "discount": 10, "is_main_page": false, "stock": 0}}, {"model": "product.product", "pk": 45, "fields": {"title": "Go On protein - Duzlu caramel ilə zülallı baton", "description": "<p><span style=\"font-size:11.0pt\"><span style=\"font-family:&quot;Calibri&quot;,&quot;sans-serif&quot;\">keyfiyyətli məhsulların k&ouml;məyi ilə orqanizmi proteinlə təmin edin. X&uuml;susilə g&uuml;ndəlik aktiv fəaliyyətdə olan insanlar &uuml;&ccedil;&uuml;n Go On Protein batonları əvəzedilməz olacaq. Bu batonlar həm sağlam tərkibli qida vasitəsidir, həm enerji verir, həm də protein ehtiyacınızı tamamlayır. Hər zaman &ccedil;antanızda doyurucu atıştırmalıq kimi saxlaya bilərsiniz.</span></span></p>", "using_time": null, "category": 7, "badges": null, "image": "product/Go_On_protein_-_Duzlu_caramel_ilə_zülallı_baton.jpg", "vendor": 1, "price": 3.0, "discount": 10, "is_main_page": false, "stock": 0}}, {"model": "product.product", "pk": 46, "fields": {"title": "Go On protein 33% - vanil ləzzəti ilə zülallı baton", "description": "<p><span style=\"font-size:11.0pt\"><span style=\"font-family:&quot;Calibri&quot;,&quot;sans-serif&quot;\">keyfiyyətli məhsulların k&ouml;məyi ilə orqanizmi proteinlə təmin edin. X&uuml;susilə g&uuml;ndəlik aktiv fəaliyyətdə olan insanlar &uuml;&ccedil;&uuml;n Go On Protein batonları əvəzedilməz olacaq. Bu batonlar həm sağlam tərkibli qida vasitəsidir, həm enerji verir, həm də protein ehtiyacınızı tamamlayır. Hər zaman &ccedil;antanızda doyurucu atıştırmalıq kimi saxlaya bilərsiniz.</span></span></p>", "using_time": null, "category": 7, "badges": null, "image": "product/Go_On_protein_33_-_vanil_ləzzəti_ilə_zülallı_baton.png", "vendor": 1, "price": 3.0, "discount": 10, "is_main_page": false, "stock": 0}}, {"model": "product.product", "pk": 47, "fields": {"title": "Go On protein 33% şokolad ilə zülallı baton", "description": "<p><span style=\"font-size:11.0pt\"><span style=\"font-family:&quot;Calibri&quot;,&quot;sans-serif&quot;\">keyfiyyətli məhsulların k&ouml;məyi ilə orqanizmi proteinlə təmin edin. X&uuml;susilə g&uuml;ndəlik aktiv fəaliyyətdə olan insanlar &uuml;&ccedil;&uuml;n Go On Protein batonları əvəzedilməz olacaq. Bu batonlar həm sağlam tərkibli qida vasitəsidir, həm enerji verir, həm də protein ehtiyacınızı tamamlayır. Hər zaman &ccedil;antanızda doyurucu atıştırmalıq kimi saxlaya bilərsiniz.</span></span></p>", "using_time": null, "category": 7, "badges": null, "image": "product/Go_On_protein_33_şokolad_ilə_zülallı_baton.png", "vendor": 1, "price": 3.0, "discount": 10, "is_main_page": false, "stock": 0}}, {"model": "product.product", "pk": 48, "fields": {"title": "Go On protein karamel və fındıq", "description": "<p><span style=\"font-size:11.0pt\"><span style=\"font-family:&quot;Calibri&quot;,&quot;sans-serif&quot;\">keyfiyyətli məhsulların k&ouml;məyi ilə orqanizmi proteinlə təmin edin. X&uuml;susilə g&uuml;ndəlik aktiv fəaliyyətdə olan insanlar &uuml;&ccedil;&uuml;n Go On Protein batonları əvəzedilməz olacaq. Bu batonlar həm sağlam tərkibli qida vasitəsidir, həm enerji verir, həm də protein ehtiyacınızı tamamlayır. Hər zaman &ccedil;antanızda doyurucu atıştırmalıq kimi saxlaya bilərsiniz.</span></span></p>", "using_time": null, "category": 7, "badges": null, "image": "product/Go_On_protein_karamel_və_fındıq.png", "vendor": 1, "price": 2.7, "discount": 10, "is_main_page": false, "stock": 0}}, {"model": "product.product", "pk": 49, "fields": {"title": "Go On Vanilli baton", "description": "<p><span style=\"font-size:11.0pt\"><span style=\"font-family:&quot;Calibri&quot;,&quot;sans-serif&quot;\">keyfiyyətli məhsulların k&ouml;məyi ilə orqanizmi proteinlə təmin edin. X&uuml;susilə g&uuml;ndəlik aktiv fəaliyyətdə olan insanlar &uuml;&ccedil;&uuml;n Go On Protein batonları əvəzedilməz olacaq. Bu batonlar həm sağlam tərkibli qida vasitəsidir, həm enerji verir, həm də protein ehtiyacınızı tamamlayır. Hər zaman &ccedil;antanızda doyurucu atıştırmalıq kimi saxlaya bilərsiniz.</span></span></p>", "using_time": null, "category": 7, "badges": null, "image": "product/Go_On_Vanilli_baton.png", "vendor": 1, "price": 2.7, "discount": 10, "is_main_page": false, "stock": 0}}, {"model": "product.product", "pk": 50, "fields": {"title": "Go On vitamin bar", "description": "<p><span style=\"font-size:11.0pt\"><span style=\"font-family:&quot;Calibri&quot;,&quot;sans-serif&quot;\">keyfiyyətli məhsulların k&ouml;məyi ilə orqanizmi proteinlə təmin edin. X&uuml;susilə g&uuml;ndəlik aktiv fəaliyyətdə olan insanlar &uuml;&ccedil;&uuml;n Go On Protein batonları əvəzedilməz olacaq. Bu batonlar həm sağlam tərkibli qida vasitəsidir, həm enerji verir, həm də protein ehtiyacınızı tamamlayır. Hər zaman &ccedil;antanızda doyurucu atıştırmalıq kimi saxlaya bilərsiniz.</span></span></p>", "using_time": null, "category": 7, "badges": null, "image": "product/Go_On_vitamin_bar.png", "vendor": 1, "price": 2.7, "discount": 10, "is_main_page": false, "stock": 0}}, {"model": "product.product", "pk": 51, "fields": {"title": "Go On Duzlu karamelli protein keksi", "description": "<p><span style=\"font-size:11.0pt\"><span style=\"font-family:&quot;Calibri&quot;,&quot;sans-serif&quot;\">Bu məhsulların tərkibində palma yağı, ql&uuml;ten, şəkər yoxdur. &Ccedil;əki atmağa k&ouml;mək edən bu kekslər protein tərkibli olduğu &uuml;&ccedil;&uuml;n həm də enerjinizi bərpa edəcək.</span></span></p>", "using_time": null, "category": 7, "badges": null, "image": "product/Go_On_Duzlu_karamelli_protein_keksi.png", "vendor": 1, "price": 4.6, "discount": 10, "is_main_page": false, "stock": 0}}, {"model": "product.product", "pk": 52, "fields": {"title": "Go On Şokoladlı Protein keksi", "description": "<p><span style=\"font-size:11.0pt\"><span style=\"font-family:&quot;Calibri&quot;,&quot;sans-serif&quot;\">Bu məhsulların tərkibində palma yağı, ql&uuml;ten, şəkər yoxdur. &Ccedil;əki atmağa k&ouml;mək edən bu kekslər protein tərkibli olduğu &uuml;&ccedil;&uuml;n həm də enerjinizi bərpa edəcək.</span></span></p>", "using_time": null, "category": 7, "badges": null, "image": "product/Go_On_Şokoladlı_Protein_keksi.png", "vendor": 1, "price": 4.6, "discount": 10, "is_main_page": false, "stock": 0}}, {"model": "product.product", "pk": 53, "fields": {"title": "Çətənə lifi", "description": "<p><span style=\"font-size:11.0pt\"><span style=\"font-family:&quot;Calibri&quot;,&quot;sans-serif&quot;\">&Ccedil;ətənə toxumunun faydaları saymaqla t&uuml;kənməz. Ecoproduct-un &ccedil;ətənə tərkibli məhsulları sağlamlığınızla bağlı bir &ccedil;ox problemi həll edəcək. Belə ki, bu məhsullar iltihab əleyhinədir, dəri problemlərini aradan qaldırır, şəkərli diabet xəstəliyinin d&uuml;şmənidir və metabolik sindrom-dan əziyyət &ccedil;əkənlər &uuml;&ccedil;&uuml;n &ccedil;ox faydalıdır.</span></span></p>", "using_time": null, "category": 6, "badges": null, "image": "product/Çətənə_lifi.png", "vendor": 4, "price": 3.2, "discount": 10, "is_main_page": false, "stock": 0}}, {"model": "product.product", "pk": 54, "fields": {"title": "Çətənə unu", "description": "<p><span style=\"font-size:11.0pt\"><span style=\"font-family:&quot;Calibri&quot;,&quot;sans-serif&quot;\">&Ccedil;ətənə toxumunun faydaları saymaqla t&uuml;kənməz. Ecoproduct-un &ccedil;ətənə tərkibli məhsulları sağlamlığınızla bağlı bir &ccedil;ox problemi həll edəcək. Belə ki, bu məhsullar iltihab əleyhinədir, dəri problemlərini aradan qaldırır, şəkərli diabet xəstəliyinin d&uuml;şmənidir və metabolik sindrom-dan əziyyət &ccedil;əkənlər &uuml;&ccedil;&uuml;n &ccedil;ox faydalıdır.</span></span></p>", "using_time": null, "category": 6, "badges": null, "image": "product/Çətənə_unu.png", "vendor": 4, "price": 4.4, "discount": 10, "is_main_page": false, "stock": 0}}, {"model": "product.product", "pk": 55, "fields": {"title": "Qara çia toxumu", "description": "<p><span style=\"font-size:11.0pt\"><span style=\"font-family:&quot;Calibri&quot;,&quot;sans-serif&quot;\">&Ccedil;ətənə toxumunun faydaları saymaqla t&uuml;kənməz. Ecoproduct-un &ccedil;ətənə tərkibli məhsulları sağlamlığınızla bağlı bir &ccedil;ox problemi həll edəcək. Belə ki, bu məhsullar iltihab əleyhinədir, dəri problemlərini aradan qaldırır, şəkərli diabet xəstəliyinin d&uuml;şmənidir və metabolik sindrom-dan əziyyət &ccedil;əkənlər &uuml;&ccedil;&uuml;n &ccedil;ox faydalıdır.</span></span></p>", "using_time": null, "category": 6, "badges": null, "image": "product/Qara_çia_toxumu.png", "vendor": 4, "price": 15.0, "discount": 10, "is_main_page": false, "stock": 0}}, {"model": "product.product", "pk": 56, "fields": {"title": "Qida çətənə toxumu", "description": "<p><span style=\"font-size:11.0pt\"><span style=\"font-family:&quot;Calibri&quot;,&quot;sans-serif&quot;\">&Ccedil;ətənə toxumunun faydaları saymaqla t&uuml;kənməz. Ecoproduct-un &ccedil;ətənə tərkibli məhsulları sağlamlığınızla bağlı bir &ccedil;ox problemi həll edəcək. Belə ki, bu məhsullar iltihab əleyhinədir, dəri problemlərini aradan qaldırır, şəkərli diabet xəstəliyinin d&uuml;şmənidir və metabolik sindrom-dan əziyyət &ccedil;əkənlər &uuml;&ccedil;&uuml;n &ccedil;ox faydalıdır.</span></span></p>", "using_time": null, "category": 6, "badges": null, "image": "product/Qida_çətənə_toxumu.png", "vendor": 4, "price": 6.0, "discount": 10, "is_main_page": false, "stock": 0}}, {"model": "product.product", "pk": 57, "fields": {"title": "Xaşxaş ilə çətənə sıyığı", "description": "<p><span style=\"font-size:11.0pt\"><span style=\"font-family:&quot;Calibri&quot;,&quot;sans-serif&quot;\">&Ccedil;ətənə toxumunun faydaları saymaqla t&uuml;kənməz. Ecoproduct-un &ccedil;ətənə tərkibli məhsulları sağlamlığınızla bağlı bir &ccedil;ox problemi həll edəcək. Belə ki, bu məhsullar iltihab əleyhinədir, dəri problemlərini aradan qaldırır, şəkərli diabet xəstəliyinin d&uuml;şmənidir və metabolik sindrom-dan əziyyət &ccedil;əkənlər &uuml;&ccedil;&uuml;n &ccedil;ox faydalıdır.</span></span></p>", "using_time": null, "category": 6, "badges": null, "image": "product/Xaşxaş_ilə_çətənə_sıyığı.png", "vendor": 4, "price": 13.0, "discount": 10, "is_main_page": false, "stock": 0}}, {"model": "product.product", "pk": 58, "fields": {"title": "Yağlı bitkilər – küncüt toxumları -", "description": "<p><span style=\"font-size:11.0pt\"><span style=\"font-family:&quot;Calibri&quot;,&quot;sans-serif&quot;\">&Ccedil;ətənə toxumunun faydaları saymaqla t&uuml;kənməz. Ecoproduct-un &ccedil;ətənə tərkibli məhsulları sağlamlığınızla bağlı bir &ccedil;ox problemi həll edəcək. Belə ki, bu məhsullar iltihab əleyhinədir, dəri problemlərini aradan qaldırır, şəkərli diabet xəstəliyinin d&uuml;şmənidir və metabolik sindrom-dan əziyyət &ccedil;əkənlər &uuml;&ccedil;&uuml;n &ccedil;ox faydalıdır.</span></span></p>", "using_time": null, "category": 6, "badges": null, "image": "product/Yağlı_bitkilər__küncüt_toxumları_-.png", "vendor": null, "price": 13.0, "discount": 10, "is_main_page": false, "stock": 0}}, {"model": "product.product", "pk": 59, "fields": {"title": "Yulaf ilə çətənə sıyığı", "description": "<p><span style=\"font-size:11.0pt\"><span style=\"font-family:&quot;Calibri&quot;,&quot;sans-serif&quot;\">&Ccedil;ətənə toxumunun faydaları saymaqla t&uuml;kənməz. Ecoproduct-un &ccedil;ətənə tərkibli məhsulları sağlamlığınızla bağlı bir &ccedil;ox problemi həll edəcək. Belə ki, bu məhsullar iltihab əleyhinədir, dəri problemlərini aradan qaldırır, şəkərli diabet xəstəliyinin d&uuml;şmənidir və metabolik sindrom-dan əziyyət &ccedil;əkənlər &uuml;&ccedil;&uuml;n &ccedil;ox faydalıdır.</span></span></p>", "using_time": null, "category": 6, "badges": null, "image": "product/Yulaf_ilə_çətənə_sıyığı.png", "vendor": 4, "price": 13.0, "discount": 10, "is_main_page": false, "stock": 0}}, {"model": "product.product", "pk": 60, "fields": {"title": "Balqabaq toxumuyla düyülü vafli", "description": "<p><span style=\"font-size:11.0pt\"><span style=\"font-family:&quot;Calibri&quot;,&quot;sans-serif&quot;\">məhsulun tərkibində qatqı maddələri yoxdur, tərkibində rafinə edilməmiş şəkər var. Yalnız təbii maddələrdən ibarət dadlı və super xır&ccedil;ıldayan lopalardır. Bu incə və asan həzm olunan lopalar s&uuml;dlə təqdim olunan edilən klassik səhər yeməyi sevənlər &uuml;&ccedil;&uuml;n əla se&ccedil;imdir.</span></span></p>", "using_time": null, "category": 5, "badges": null, "image": "product/Balqabaq_toxumuyla_düyülü_vafli.png", "vendor": 6, "price": 3.05, "discount": 10, "is_main_page": false, "stock": 0}}, {"model": "product.product", "pk": 61, "fields": {"title": "Çia toxumuyla düyülü vafli - biz çəkdiyimiz", "description": "<p><span style=\"font-size:11.0pt\"><span style=\"font-family:&quot;Calibri&quot;,&quot;sans-serif&quot;\">məhsulun tərkibində qatqı maddələri yoxdur, tərkibində rafinə edilməmiş şəkər var. Yalnız təbii maddələrdən ibarət dadlı və super xır&ccedil;ıldayan lopalardır. Bu incə və asan həzm olunan lopalar s&uuml;dlə təqdim olunan edilən klassik səhər yeməyi sevənlər &uuml;&ccedil;&uuml;n əla se&ccedil;imdir.</span></span></p>", "using_time": null, "category": 5, "badges": null, "image": "product/Çia_toxumuyla_düyülü_vafli.webp", "vendor": 6, "price": 3.05, "discount": 10, "is_main_page": false, "stock": 0}}, {"model": "product.product", "pk": 62, "fields": {"title": "Çili bibəri dadında qarğıdalı vaflisi", "description": "<p><span style=\"font-size:11.0pt\"><span style=\"font-family:&quot;Calibri&quot;,&quot;sans-serif&quot;\">məhsulun tərkibində qatqı maddələri yoxdur, tərkibində rafinə edilməmiş şəkər var. Yalnız təbii maddələrdən ibarət dadlı və super xır&ccedil;ıldayan lopalardır. Bu incə və asan həzm olunan lopalar s&uuml;dlə təqdim olunan edilən klassik səhər yeməyi sevənlər &uuml;&ccedil;&uuml;n əla se&ccedil;imdir.</span></span></p>", "using_time": null, "category": 5, "badges": null, "image": "product/Çili_bibəri_dadında_qarğıdalı_vaflisi.png", "vendor": 6, "price": 3.8, "discount": 10, "is_main_page": false, "stock": 0}}, {"model": "product.product", "pk": 63, "fields": {"title": "Popkorn vaflisi", "description": "<p><span style=\"font-size:11.0pt\"><span style=\"font-family:&quot;Calibri&quot;,&quot;sans-serif&quot;\">məhsulun tərkibində qatqı maddələri yoxdur, tərkibində rafinə edilməmiş şəkər var. Yalnız təbii maddələrdən ibarət dadlı və super xır&ccedil;ıldayan lopalardır. Bu incə və asan həzm olunan lopalar s&uuml;dlə təqdim olunan edilən klassik səhər yeməyi sevənlər &uuml;&ccedil;&uuml;n əla se&ccedil;imdir.</span></span></p>", "using_time": null, "category": 5, "badges": null, "image": "product/Popkorn_vaflisi_cGaJiZN.png", "vendor": 6, "price": 3.05, "discount": 10, "is_main_page": false, "stock": 0}}, {"model": "product.product", "pk": 64, "fields": {"title": "Küncütlü düyü vaflisi", "description": "<p><span style=\"font-size:11.0pt\"><span style=\"font-family:&quot;Calibri&quot;,&quot;sans-serif&quot;\">məhsulun tərkibində qatqı maddələri yoxdur, tərkibində rafinə edilməmiş şəkər var. Yalnız təbii maddələrdən ibarət dadlı və super xır&ccedil;ıldayan lopalardır. Bu incə və asan həzm olunan lopalar s&uuml;dlə təqdim olunan edilən klassik səhər yeməyi sevənlər &uuml;&ccedil;&uuml;n əla se&ccedil;imdir.</span></span></p>", "using_time": null, "category": 5, "badges": null, "image": "product/Küncütlü_düyü_vaflisi.png", "vendor": 6, "price": 3.05, "discount": 10, "is_main_page": false, "stock": 0}}, {"model": "product.product", "pk": 65, "fields": {"title": "Təbii düyü vaflisi", "description": "<p><span style=\"font-size:11.0pt\"><span style=\"font-family:&quot;Calibri&quot;,&quot;sans-serif&quot;\">məhsulun tərkibində qatqı maddələri yoxdur, tərkibində rafinə edilməmiş şəkər var. Yalnız təbii maddələrdən ibarət dadlı və super xır&ccedil;ıldayan lopalardır. Bu incə və asan həzm olunan lopalar s&uuml;dlə təqdim olunan edilən klassik səhər yeməyi sevənlər &uuml;&ccedil;&uuml;n əla se&ccedil;imdir.</span></span></p>", "using_time": null, "category": 5, "badges": null, "image": "product/Təbii_düyü_vaflisi.png", "vendor": 6, "price": 3.05, "discount": 10, "is_main_page": false, "stock": 0}}, {"model": "product.product", "pk": 66, "fields": {"title": "Tünd şokolad ilə", "description": "<p><span style=\"font-size:11.0pt\"><span style=\"font-family:&quot;Calibri&quot;,&quot;sans-serif&quot;\">məhsulun tərkibində qatqı maddələri yoxdur, tərkibində rafinə edilməmiş şəkər var. Yalnız təbii maddələrdən ibarət dadlı və super xır&ccedil;ıldayan lopalardır. Bu incə və asan həzm olunan lopalar s&uuml;dlə təqdim olunan edilən klassik səhər yeməyi sevənlər &uuml;&ccedil;&uuml;n əla se&ccedil;imdir.</span></span></p>", "using_time": null, "category": 5, "badges": null, "image": "product/Tünd_şokolad_ilə.png", "vendor": 6, "price": 3.99, "discount": 10, "is_main_page": false, "stock": 0}}, {"model": "product.product", "pk": 67, "fields": {"title": "Xlepsi - Südlü şokolad ilə", "description": "<p><span style=\"font-size:11.0pt\"><span style=\"font-family:&quot;Calibri&quot;,&quot;sans-serif&quot;\">məhsulun tərkibində qatqı maddələri yoxdur, tərkibində rafinə edilməmiş şəkər var. Yalnız təbii maddələrdən ibarət dadlı və super xır&ccedil;ıldayan lopalardır. Bu incə və asan həzm olunan lopalar s&uuml;dlə təqdim olunan edilən klassik səhər yeməyi sevənlər &uuml;&ccedil;&uuml;n əla se&ccedil;imdir.</span></span></p>", "using_time": null, "category": 5, "badges": null, "image": "product/Xlepsi_-_Südlü_şokolad_ilə.png", "vendor": 6, "price": 3.99, "discount": 10, "is_main_page": false, "stock": 0}}, {"model": "product.product", "pk": 68, "fields": {"title": "Lovege Kalsiumlu Soya", "description": "<p><span style=\"font-size:11.0pt\"><span style=\"font-family:&quot;Calibri&quot;,&quot;sans-serif&quot;\">Bitki mənşəli s&uuml;dlər (laktozasız s&uuml;d) - Ql&uuml;tensiz, laktozasız, az kalorili bu s&uuml;d n&ouml;vləri. Kalsium, B6, B12, D, E ilə zəngindir.</span></span></p>", "using_time": null, "category": 4, "badges": null, "image": "product/Lovege_Kalsiumlu_Soya.png", "vendor": 1, "price": 7.5, "discount": 10, "is_main_page": false, "stock": 0}}, {"model": "product.product", "pk": 69, "fields": {"title": "Lovege Şəkərsiz təbii badam südü", "description": "<p><span style=\"font-size:11.0pt\"><span style=\"font-family:&quot;Calibri&quot;,&quot;sans-serif&quot;\">Bitki mənşəli s&uuml;dlər (laktozasız s&uuml;d) - Ql&uuml;tensiz, laktozasız, az kalorili bu s&uuml;d n&ouml;vləri. Kalsium, B6, B12, D, E ilə zəngindir.</span></span></p>", "using_time": null, "category": 4, "badges": null, "image": "product/Lovege_Şəkərsiz_təbii_badam_südü.png", "vendor": 1, "price": 8.5, "discount": 10, "is_main_page": false, "stock": 0}}, {"model": "product.product", "pk": 70, "fields": {"title": "Lovege Şəkərsiz Yulaf", "description": "<p><span style=\"font-size:11.0pt\"><span style=\"font-family:&quot;Calibri&quot;,&quot;sans-serif&quot;\">Bitki mənşəli s&uuml;dlər (laktozasız s&uuml;d) - Ql&uuml;tensiz, laktozasız, az kalorili bu s&uuml;d n&ouml;vləri. Kalsium, B6, B12, D, E ilə zəngindir.</span></span></p>", "using_time": null, "category": 4, "badges": null, "image": "product/Lovege_Şəkərsiz_Yulaf.png", "vendor": 1, "price": 7.5, "discount": 10, "is_main_page": false, "stock": 0}}, {"model": "product.product", "pk": 71, "fields": {"title": "Çərəz tərkibli yerfındığı yağı", "description": "<p><span style=\"font-size:11pt\"><span style=\"font-family:Calibri,&quot;sans-serif&quot;\">Yağlar - rafinə olunmamış kətan və &ccedil;ətənə yağı. Maddələr m&uuml;badiləsini yaxşılaşdırır, immun sistemin fəaliyyətini g&uuml;cləndirir. Bu yağlar fol turşusu, amin turşuları, antioksidantlarla zəngindir. Orqanizm tərəfindən asanlıqla həzm edilir, qan d&ouml;vranını yaxşılaşdırır.</span></span></p>", "using_time": null, "category": 1, "badges": null, "image": "product/Çərəz_tərkibli_yerfındığı_yağı.jpg", "vendor": 1, "price": 9.8, "discount": 10, "is_main_page": false, "stock": 0}}, {"model": "product.product", "pk": 72, "fields": {"title": "Yer fındığı yağı", "description": "<p><span style=\"font-size:11pt\"><span style=\"font-family:Calibri,&quot;sans-serif&quot;\">Yağlar - rafinə olunmamış kətan və &ccedil;ətənə yağı. Maddələr m&uuml;badiləsini yaxşılaşdırır, immun sistemin fəaliyyətini g&uuml;cləndirir. Bu yağlar fol turşusu, amin turşuları, antioksidantlarla zəngindir. Orqanizm tərəfindən asanlıqla həzm edilir, qan d&ouml;vranını yaxşılaşdırır.</span></span></p>", "using_time": null, "category": 1, "badges": null, "image": "product/Yer_fındığı_yağı.jpg", "vendor": 1, "price": 9.8, "discount": 10, "is_main_page": false, "stock": 0}}, {"model": "product.product", "pk": 73, "fields": {"title": "Bişmiş Kətan sıyığı Stop Diabet", "description": "<p><span style=\"font-size:11.0pt\"><span style=\"font-family:&quot;Calibri&quot;,&quot;sans-serif&quot;\">Yeni məhsul: bitki &ccedil;ayları - sağlamlığınızı qorumaqla yanaşı, həm də sakitləşdirir və enerji verir. İltihabı azaldır. Bu bitki &ccedil;ayları kişilər &uuml;&ccedil;&uuml;n x&uuml;susilə faydalıdır. Belə ki, genitouriya və reproduktiv sistem xəstəliklərinə qarşı profilaktik tədbir g&ouml;r&uuml;r. Prostat vəzin adenoması kimi xəstəliklərdən qoruyur.</span></span></p>", "using_time": null, "category": 4, "badges": null, "image": "product/Bişmiş_Kətan_sıyığı_Stop_Diabet.png", "vendor": 4, "price": 17.5, "discount": 10, "is_main_page": false, "stock": 0}}, {"model": "product.product", "pk": 74, "fields": {"title": "Bişmiş Kətan sıyığı Stop xolesterin", "description": "<p><span style=\"font-size:11.0pt\"><span style=\"font-family:&quot;Calibri&quot;,&quot;sans-serif&quot;\">Yeni məhsul: bitki &ccedil;ayları - sağlamlığınızı qorumaqla yanaşı, həm də sakitləşdirir və enerji verir. İltihabı azaldır. Bu bitki &ccedil;ayları kişilər &uuml;&ccedil;&uuml;n x&uuml;susilə faydalıdır. Belə ki, genitouriya və reproduktiv sistem xəstəliklərinə qarşı profilaktik tədbir g&ouml;r&uuml;r. Prostat vəzin adenoması kimi xəstəliklərdən qoruyur.</span></span></p>", "using_time": null, "category": 4, "badges": null, "image": "product/Bişmiş_Kətan_sıyığı_Stop_xolesterin.png", "vendor": 4, "price": 15.0, "discount": 10, "is_main_page": false, "stock": 0}}, {"model": "product.product", "pk": 75, "fields": {"title": "Bişmiş Kətan sıyığı", "description": "<p><span style=\"font-size:11.0pt\"><span style=\"font-family:&quot;Calibri&quot;,&quot;sans-serif&quot;\">Yeni məhsul: bitki &ccedil;ayları - sağlamlığınızı qorumaqla yanaşı, həm də sakitləşdirir və enerji verir. İltihabı azaldır. Bu bitki &ccedil;ayları kişilər &uuml;&ccedil;&uuml;n x&uuml;susilə faydalıdır. Belə ki, genitouriya və reproduktiv sistem xəstəliklərinə qarşı profilaktik tədbir g&ouml;r&uuml;r. Prostat vəzin adenoması kimi xəstəliklərdən qoruyur.</span></span></p>", "using_time": null, "category": 4, "badges": null, "image": "product/Bişmiş_Kətan_sıyığı.png", "vendor": 4, "price": 8.0, "discount": 10, "is_main_page": false, "stock": 0}}, {"model": "product.product", "pk": 76, "fields": {"title": "Qarabaşaq topları", "description": "<p><span style=\"font-size:11.0pt\"><span style=\"font-family:&quot;Calibri&quot;,&quot;sans-serif&quot;\">Yeni məhsul: bitki &ccedil;ayları - sağlamlığınızı qorumaqla yanaşı, həm də sakitləşdirir və enerji verir. İltihabı azaldır. Bu bitki &ccedil;ayları kişilər &uuml;&ccedil;&uuml;n x&uuml;susilə faydalıdır. Belə ki, genitouriya və reproduktiv sistem xəstəliklərinə qarşı profilaktik tədbir g&ouml;r&uuml;r. Prostat vəzin adenoması kimi xəstəliklərdən qoruyur.</span></span></p>", "using_time": null, "category": 4, "badges": null, "image": "product/Qarabaşaq_topları.png", "vendor": 4, "price": 6.0, "discount": 10, "is_main_page": false, "stock": 0}}, {"model": "product.product", "pk": 77, "fields": {"title": "Quru səhər yeməkləri Çovdar topları", "description": "<p><span style=\"font-size:11.0pt\"><span style=\"font-family:&quot;Calibri&quot;,&quot;sans-serif&quot;\">Yeni məhsul: bitki &ccedil;ayları - sağlamlığınızı qorumaqla yanaşı, həm də sakitləşdirir və enerji verir. İltihabı azaldır. Bu bitki &ccedil;ayları kişilər &uuml;&ccedil;&uuml;n x&uuml;susilə faydalıdır. Belə ki, genitouriya və reproduktiv sistem xəstəliklərinə qarşı profilaktik tədbir g&ouml;r&uuml;r. Prostat vəzin adenoması kimi xəstəliklərdən qoruyur.</span></span></p>", "using_time": null, "category": 4, "badges": null, "image": "product/Quru_səhər_yeməkləri_Çovdar_topları.png", "vendor": 4, "price": 6.0, "discount": 10, "is_main_page": false, "stock": 0}}, {"model": "product.product", "pk": 78, "fields": {"title": "Quru səhər yeməkləri Qarğıdalı topları", "description": "<p><span style=\"font-size:11.0pt\"><span style=\"font-family:&quot;Calibri&quot;,&quot;sans-serif&quot;\">Yeni məhsul: bitki &ccedil;ayları - sağlamlığınızı qorumaqla yanaşı, həm də sakitləşdirir və enerji verir. İltihabı azaldır. Bu bitki &ccedil;ayları kişilər &uuml;&ccedil;&uuml;n x&uuml;susilə faydalıdır. Belə ki, genitouriya və reproduktiv sistem xəstəliklərinə qarşı profilaktik tədbir g&ouml;r&uuml;r. Prostat vəzin adenoması kimi xəstəliklərdən qoruyur.</span></span></p>", "using_time": null, "category": 4, "badges": null, "image": "product/Quru_səhər_yeməkləri_Qarğıdalı_topları.png", "vendor": 4, "price": 6.0, "discount": 10, "is_main_page": false, "stock": 0}}, {"model": "product.favorite", "pk": 5, "fields": {"product": 11, "user": 1}}, {"model": "product.favorite", "pk": 6, "fields": {"product": 12, "user": 1}}, {"model": "product.basketitem", "pk": 4, "fields": {"user": 1, "product": 12, "quantity": 4, "created_at": "2024-01-29T17:10:23.693Z"}}, {"model": "product.productimage", "pk": 3, "fields": {"product": 4, "image": "product/Hemps_fruit_-_çətənəli_xaşxaş_ilə_RRKyrpf.png"}}, {"model": "product.productimage", "pk": 4, "fields": {"product": 5, "image": "product/Hemps_fruit_-_çətənəli_lnyub1d.png"}}, {"model": "product.productimage", "pk": 5, "fields": {"product": 6, "image": "product/Qrilyajlı_kətan_batonu_-_Flaks_baton_banan_enqlnp5.png"}}, {"model": "product.productimage", "pk": 6, "fields": {"product": 7, "image": "product/Qrilyajlı_kətan_batonu_-_Flaks_baton_kətan_Gn45Qjm.png"}}, {"model": "product.productimage", "pk": 7, "fields": {"product": 8, "image": "product/Qrilyajlı_kətan_batonu_-_Flaks_baton_miks_mA6kngX.png"}}, {"model": "product.productimage", "pk": 8, "fields": {"product": 9, "image": "product/Qrilyajlı_kətan_batonu_-_Flaks_baton_portağal_FiC6UmN.png"}}, {"model": "product.productimage", "pk": 9, "fields": {"product": 10, "image": "product/Qrilyajlı_kətan_batonu_-_Flaks_baton_qaragavalı_rbEpEvR.png"}}, {"model": "product.productimage", "pk": 10, "fields": {"product": 11, "image": "product/Qrilyajlı_kətan_batonu_-_Flaks_baton_quşüzümü_LgkwgEi.png"}}, {"model": "product.productimage", "pk": 11, "fields": {"product": 12, "image": "product/Qrilyajlı_kətan_batonu_-_Flaks_baton_zəncəfil_nCw2Oj4.png"}}, {"model": "product.productimage", "pk": 12, "fields": {"product": 13, "image": "product/Rafinə_olunmamış_çətənə_yağı_X0ktDPa.png"}}, {"model": "product.productimage", "pk": 13, "fields": {"product": 14, "image": "product/Rafinə_olunmamış_kətan_yağı_P7O4NKN.png"}}, {"model": "product.productimage", "pk": 14, "fields": {"product": 15, "image": "product/Kətan_toxumları_-_selenium_xrom_silisium_3AlZFQb.png"}}, {"model": "product.productimage", "pk": 15, "fields": {"product": 16, "image": "product/Kətan_unu_-_selenium_kalium_maqnezium_EbeBjLs.png"}}, {"model": "product.productimage", "pk": 16, "fields": {"product": 26, "image": "product/Kətan_unu_asW1EDl.png"}}, {"model": "product.productimage", "pk": 17, "fields": {"product": 18, "image": "product/Buğda_əlavəsi_olmayan_qarğıdalı_lopası_pU9KDZd.jpg"}}, {"model": "product.productimage", "pk": 18, "fields": {"product": 19, "image": "product/Yulaf_və_bal_ilə_dənli_baton_iVUZNQS.jpg"}}, {"model": "product.productimage", "pk": 19, "fields": {"product": 20, "image": "product/Yulaf_və_quşüzümü_ilə_dənli_baton_T6qbbZK.png"}}, {"model": "product.productimage", "pk": 20, "fields": {"product": 21, "image": "product/Yulaf_və_şokolad_ilə_dənli_baton_SD3ois7.jpg"}}, {"model": "product.productimage", "pk": 21, "fields": {"product": 22, "image": "product/Bananlı_xırçıldayan_Xc4CGGc.png"}}, {"model": "product.productimage", "pk": 22, "fields": {"product": 23, "image": "product/Go_on_Protein__qranul_şokoladlı_və_albalı_yfcqN64.png"}}, {"model": "product.productimage", "pk": 23, "fields": {"product": 24, "image": "product/Go_on_Protein__qranul_şokoladlı_və_fındıqlı_dyulPdx.png"}}, {"model": "product.productimage", "pk": 24, "fields": {"product": 25, "image": "product/Meyvəli_xırçıldayan_iGRtLaJ.png"}}, {"model": "product.productimage", "pk": 25, "fields": {"product": 27, "image": "product/Qranul_-_dənəvər_yer_fındığı_S5uf1dU.png"}}, {"model": "product.productimage", "pk": 26, "fields": {"product": 28, "image": "product/Qranul_-_qoz-fındıq_bal_ilə_lopalar_WAbHyZT.png"}}, {"model": "product.productimage", "pk": 27, "fields": {"product": 29, "image": "product/Qranul_ağ_şokolad_çiyələkli_X0iAe7b.webp"}}, {"model": "product.productimage", "pk": 28, "fields": {"product": 30, "image": "product/Qranul_Belçika_şokoladlı_və_portağal_ilə_lopalar_wj9lXtS.png"}}, {"model": "product.productimage", "pk": 29, "fields": {"product": 31, "image": "product/Qranul_dənəvər_meyvə_dkQn0JP.png"}}, {"model": "product.productimage", "pk": 30, "fields": {"product": 32, "image": "product/Qranul_dənəvər_şokolad_zo6IKRR.png"}}, {"model": "product.productimage", "pk": 31, "fields": {"product": 33, "image": "product/Fındıq_və_badam_ilə_dənli_baton_-_1.50_Sante_OpOM7dv.png"}}, {"model": "product.productimage", "pk": 32, "fields": {"product": 34, "image": "product/Fındıq_və_badam_ilə_şokoladlı_xırçıldayan_baton_-_1.50_Sante_fsP0bnP.png"}}, {"model": "product.productimage", "pk": 33, "fields": {"product": 35, "image": "product/Quşüzümü_və_moruq_ilə_xırçıldayan_kəpək_batonu_-_1.50_Sante_mpW2mzl.png"}}, {"model": "product.productimage", "pk": 34, "fields": {"product": 36, "image": "product/Xırçıldayan_gavalı_batonu_-_1.50_azn_Sante_frD7ct2.png"}}, {"model": "product.productimage", "pk": 35, "fields": {"product": 37, "image": "product/Xırçıldayan_şokoladlı_banan_batonu_-_1.5_Sante_BbutBXE.png"}}, {"model": "product.productimage", "pk": 36, "fields": {"product": 38, "image": "product/Fital_mərcanı_qarağat_goji_giləmeyvəsi_lWgolic.webp"}}, {"model": "product.productimage", "pk": 37, "fields": {"product": 39, "image": "product/Almalı_və_darçınlı_krekerlər_7aUX56O.png"}}, {"model": "product.productimage", "pk": 38, "fields": {"product": 40, "image": "product/Pomidorlu_krekerlər_zahXyUA.png"}}, {"model": "product.productimage", "pk": 39, "fields": {"product": 41, "image": "product/Qaragilə_ilə_krekerlər_eb7lkkb.png"}}, {"model": "product.productimage", "pk": 40, "fields": {"product": 42, "image": "product/Go_On_Enerji_7pNqR0K.jpg"}}, {"model": "product.productimage", "pk": 41, "fields": {"product": 43, "image": "product/Go_On_Kakaolu_baton_q816uf5.jpg"}}, {"model": "product.productimage", "pk": 42, "fields": {"product": 44, "image": "product/Go_On_Keto_-_vanilli_baton_-_500x500_2EIOojP.png"}}, {"model": "product.productimage", "pk": 43, "fields": {"product": 45, "image": "product/Go_On_protein_-_Duzlu_caramel_ilə_zülallı_baton_lECDrIY.jpg"}}, {"model": "product.productimage", "pk": 44, "fields": {"product": 46, "image": "product/Go_On_protein_33_-_vanil_ləzzəti_ilə_zülallı_baton_pOEuoEU.png"}}, {"model": "product.productimage", "pk": 45, "fields": {"product": 47, "image": "product/Go_On_protein_33_şokolad_ilə_zülallı_baton_GiSkqgc.png"}}, {"model": "product.productimage", "pk": 46, "fields": {"product": 48, "image": "product/Go_On_protein_karamel_və_fındıq_x6oUfYk.png"}}, {"model": "product.productimage", "pk": 47, "fields": {"product": 49, "image": "product/Go_On_Vanilli_baton_uMDw0D2.png"}}, {"model": "product.productimage", "pk": 48, "fields": {"product": 50, "image": "product/Go_On_vitamin_bar_Vckrw3g.png"}}, {"model": "product.productimage", "pk": 49, "fields": {"product": 51, "image": "product/Go_On_Duzlu_karamelli_protein_keksi_9y5ndXi.png"}}, {"model": "product.productimage", "pk": 50, "fields": {"product": 52, "image": "product/Go_On_Şokoladlı_Protein_keksi_xcXOqnQ.png"}}, {"model": "product.productimage", "pk": 51, "fields": {"product": 53, "image": "product/Çətənə_lifi_rJF4FzO.png"}}, {"model": "product.productimage", "pk": 52, "fields": {"product": 54, "image": "product/Çətənə_unu_0CMJOpT.png"}}, {"model": "product.productimage", "pk": 53, "fields": {"product": 55, "image": "product/Qara_çia_toxumu_W3zfl8l.png"}}, {"model": "product.productimage", "pk": 54, "fields": {"product": 56, "image": "product/Qida_çətənə_toxumu_Qv1dhTR.png"}}, {"model": "product.productimage", "pk": 55, "fields": {"product": 57, "image": "product/Xaşxaş_ilə_çətənə_sıyığı_sClndjD.png"}}, {"model": "product.productimage", "pk": 56, "fields": {"product": 58, "image": "product/Yağlı_bitkilər__küncüt_toxumları_-_RNr36T4.png"}}, {"model": "product.productimage", "pk": 57, "fields": {"product": 59, "image": "product/Yulaf_ilə_çətənə_sıyığı_aOCt6GG.png"}}, {"model": "product.productimage", "pk": 58, "fields": {"product": 60, "image": "product/Balqabaq_toxumuyla_düyülü_vafli_pxj6t14.png"}}, {"model": "product.productimage", "pk": 59, "fields": {"product": 61, "image": "product/Çia_toxumuyla_düyülü_vafli_wYGAX45.webp"}}, {"model": "product.productimage", "pk": 60, "fields": {"product": 62, "image": "product/Çili_bibəri_dadında_qarğıdalı_vaflisi_E5xXjvC.png"}}, {"model": "product.productimage", "pk": 61, "fields": {"product": 63, "image": "product/Popkorn_vaflisi_TTJJea8.png"}}, {"model": "product.productimage", "pk": 62, "fields": {"product": 64, "image": "product/Küncütlü_düyü_vaflisi_1MMtifw.png"}}, {"model": "product.productimage", "pk": 63, "fields": {"product": 65, "image": "product/Təbii_düyü_vaflisi_KMEhMjX.png"}}, {"model": "product.productimage", "pk": 64, "fields": {"product": 66, "image": "product/Tünd_şokolad_ilə_3eBIlAi.png"}}, {"model": "product.productimage", "pk": 65, "fields": {"product": 67, "image": "product/Xlepsi_-_Südlü_şokolad_ilə_EVFRobN.png"}}, {"model": "product.productimage", "pk": 66, "fields": {"product": 68, "image": "product/Lovege_Kalsiumlu_Soya_Ps2UFKI.png"}}, {"model": "product.productimage", "pk": 67, "fields": {"product": 69, "image": "product/Lovege_Şəkərsiz_təbii_badam_südü_F0XZPpC.png"}}, {"model": "product.productimage", "pk": 68, "fields": {"product": 70, "image": "product/Lovege_Şəkərsiz_Yulaf_pLgCUjW.png"}}, {"model": "product.productimage", "pk": 69, "fields": {"product": 71, "image": "product/Çərəz_tərkibli_yerfındığı_yağı_VIWaxtW.jpg"}}, {"model": "product.productimage", "pk": 70, "fields": {"product": 72, "image": "product/Yer_fındığı_yağı_394RMnp.jpg"}}, {"model": "product.productimage", "pk": 71, "fields": {"product": 73, "image": "product/Bişmiş_Kətan_sıyığı_Stop_Diabet_YvGXWH0.png"}}, {"model": "product.productimage", "pk": 72, "fields": {"product": 74, "image": "product/Bişmiş_Kətan_sıyığı_Stop_xolesterin_Az7Plgl.png"}}, {"model": "product.productimage", "pk": 73, "fields": {"product": 75, "image": "product/Bişmiş_Kətan_sıyığı_ZU6dnfa.png"}}, {"model": "product.productimage", "pk": 74, "fields": {"product": 76, "image": "product/Qarabaşaq_topları_kuXlt5I.png"}}, {"model": "product.productimage", "pk": 75, "fields": {"product": 77, "image": "product/Quru_səhər_yeməkləri_Çovdar_topları_636akh8.png"}}, {"model": "product.productimage", "pk": 76, "fields": {"product": 78, "image": "product/Quru_səhər_yeməkləri_Qarğıdalı_topları_MH2qxnz.png"}}, {"model": "product.categorybanner", "pk": 1, "fields": {"title": "Xaşxaş ilə çətənə sıyığı", "category": 4, "image": "category_banner/Başlıqsız_dizayn_18.png"}}, {"model": "product.categorybanner", "pk": 2, "fields": {"title": "Çətənə lifi", "category": 6, "image": "category_banner/Başlıqsız_dizayn_19.png"}}, {"model": "product.categorybanner", "pk": 3, "fields": {"title": "Go on Protein – qranul şokoladlı və fındıqlı", "category": 7, "image": "category_banner/Go_on_Protein__qranul_şokoladlı_və_fındıqlı.png"}}, {"model": "product.about", "pk": 1, "fields": {"title": "Haqqımızda", "description": "<p>Sağlam həyata bizimlə addımla! Sağlam qidalanma sağlam və uzun&ouml;m&uuml;rl&uuml;l&uuml;y&uuml;n təminatıdır. Qida rasionunuzda &ldquo;Eco Product&rdquo; şirkətinin məhsullarından istifadə etməklə siz &ouml;z yeməyinizi sağlam, faydalı, dadlı və əlbəttə ki sevimli edəcəksiniz.</p>\r\n\r\n<p>Eco Product sizə nə vəd edir?</p>\r\n\r\n<ul>\r\n\t<li>Sağlam qidalanma</li>\r\n\t<li>Y&uuml;ksək keyfiyyət</li>\r\n\t<li>Təbii inqrediyentlər</li>\r\n\t<li>Az kalori &ndash; daha &ccedil;ox fayda</li>\r\n\t<li>Bol vitaminli tərkib</li>\r\n</ul>\r\n\r\n<p>Qida məhsullarının tərkibi və onların x&uuml;susiyyətləri sağlamlığa, fiziki inkişafa, əmək qabiliyyətinə, emosional vəziyyətə və &uuml;mumiyyətlə həyat keyfiyyətinə və m&uuml;ddətinə təsir edir.</p>\r\n\r\n<p>Eco Product sağlamlıq və enerji mənbəyidir. Təbii inqrediyentlərdən ibarət olan Eco Product-un faydalı və aşağı kalorili məhsulları sağlam əhval-ruhiyyə &uuml;&ccedil;&uuml;n əla əsas olacaq və sizin qidalanmanızı keyfiyyətli və dadlı edəcək.</p>", "image": "about/Meyvəli_xırçıldayan.png"}}, {"model": "product.feature", "pk": 1, "fields": {"title1": "Ekoloji təmiz məhsullar", "title2": "Avropadan", "icon": "featured/icon-1_55fgQ4X.svg"}}, {"model": "product.feature", "pk": 2, "fields": {"title1": "Geniş çeşid", "title2": "Fərqli şirkətlərdən fərqli məhsullar", "icon": "featured/icon-1_xcztCS0.svg"}}, {"model": "product.feature", "pk": 3, "fields": {"title1": "Kampaniyalar", "title2": "Hər həftə endirim kampaniyaları", "icon": "featured/icon-1_zRYDtWi.svg"}}, {"model": "product.feature", "pk": 4, "fields": {"title1": "Sərfəli qiymət", "title2": "Büdcənizə uyğun", "icon": "featured/icon-1_lxDz4GK.svg"}}, {"model": "product.feature", "pk": 5, "fields": {"title1": "Sürətli çatdırılma", "title2": "7/24 çatdırıılma", "icon": "featured/icon-1_kHhbLRc.svg"}}, {"model": "product.company", "pk": 1, "fields": {"image": "company/Kətan_toxumları_-_selenium_xrom_silisium.png", "product": 15, "discount": 20.0, "finish_time": "2024-02-10T18:00:00Z", "created": "2024-01-29T14:37:17.628Z", "is_active": true}}, {"model": "product.company", "pk": 2, "fields": {"image": "company/Go_on_Protein__qranul_şokoladlı_və_fındıqlı.png", "product": 24, "discount": 20.0, "finish_time": "2024-02-11T12:00:00Z", "created": "2024-01-29T14:38:57.746Z", "is_active": true}}, {"model": "product.partner", "pk": 1, "fields": {"title": "KONOPLEKTIKA", "image": "partners/KONOPLEKTIKA_-_ecoproduct_DXJzbQH.png"}}, {"model": "product.partner", "pk": 2, "fields": {"title": "Kupiec", "image": "partners/Kupiec_-_ecoproduct_UrCINAS.png"}}, {"model": "product.partner", "pk": 3, "fields": {"title": "Kompas Zdorovie", "image": "partners/Kompas_-_ecoproduct_k8VuA31.png"}}, {"model": "product.partner", "pk": 4, "fields": {"title": "Sante - ecoproduct", "image": "partners/Sante_-_ecoproduct_u8h87Or.png"}}, {"model": "product.faq", "pk": 1, "fields": {"title": "Sizin şokoladlı məhsullarınız var?", "description": "Əlbəttə ki, var. Crispy bar batonları, şokoladlı səhər yeməyi çeşidləri, proteinli kekslər, acı və südlü şokoladlı kupiec xlebsiləri - bir-birindən dadlı onlarla şokoladlı Ecoproduct məhsulları."}}, {"model": "product.faq", "pk": 2, "fields": {"title": "Aktiv idman edənlər üçün Ecoproduct-un hansı məhsulları tövsiyə olunur?", "description": "GO ON Vitamin və GO ON Protein batonları elə tam sizin üçündür. Bu batonlar gücünüz tükənəndə ən yaxın dəstəkçiniz olacaq."}}, {"model": "product.faq", "pk": 3, "fields": {"title": "Niyə bitki mənşəli südlər faydalı hesab olunur?", "description": "Çünki bu südlər laktozasızdır və heç bir allergik təsirə səbəb olmur. İnək südünə allergiyası olanlar üçün xüsusilə yaxşı seçimdir. Həmçinin bu süd növləri şişkinlik və qəbizlik şikayətləri yaratmır."}}, {"model": "product.faq", "pk": 4, "fields": {"title": "Şirniyyat yemədən hansı məhsullarla enerjimi təmin edə bilərəm?", "description": "Çox insan elə düşünür ki, şirniyyat yeməsə, gün boyu enerjisiz və halsız olacaq. Ecoproduct-un yüksək proteinli, liflə zəngin və şəkərdən azad şirin məhsulları məhz buna görə sağlamlığınız üçün ən ideal seçimlərdəndir."}}, {"model": "product.blog", "pk": 1, "fields": {"title": "Niyə səhər yeməyində yulaf olmalıdır?", "description": "<p><span style=\"font-size:11pt\"><span style=\"font-family:Calibri,&quot;sans-serif&quot;\"><strong><span dir=\"ltr\" lang=\"AZ-LATIN\" style=\"font-size:14.0pt\">Yulafla necə qidalanmalı? Yulafın faydaları</span></strong></span></span></p>\r\n\r\n<p><span style=\"font-size:11pt\"><span style=\"font-family:Calibri,&quot;sans-serif&quot;\"><span dir=\"ltr\" lang=\"AZ-LATIN\" style=\"font-size:14.0pt\">Yulaf mineral, lif və antioksidantlarla zəngin bir məhsuldur. Yulafın tərkibində dəmir, fosfor, maqnezium kimi dəyərli minerallar var. Həm&ccedil;inin lif və B vitaminləri ilə zəngin olan yulaf həm uşaqlar və b&ouml;y&uuml;klərin, həm də pəhrizdə olan hər kəsin ən sevimli qidasına &ccedil;evrilir.</span></span></span><br />\r\n&nbsp;</p>\r\n\r\n<p><span style=\"font-size:11pt\"><span style=\"font-family:Calibri,&quot;sans-serif&quot;\"><span dir=\"ltr\" lang=\"AZ-LATIN\" style=\"font-size:14.0pt\">Yulafın faydaları: </span></span></span></p>\r\n\r\n<p><span style=\"font-size:11pt\"><span style=\"font-family:Calibri,&quot;sans-serif&quot;\"><span dir=\"ltr\" lang=\"AZ-LATIN\" style=\"font-size:14.0pt\">Yulaf toxluq hissi yaradır, &ccedil;əki atmağa və sağlam pəhriz tətbiq etməyə k&ouml;mək edir. Həm&ccedil;inin bu qida &uuml;rək xəstəlikləri və diabetə qarşı profilaktik tədbir g&ouml;r&uuml;r: </span></span></span></p>\r\n\r\n<ul>\r\n\t<li><span style=\"font-size:11pt\"><span style=\"font-family:Calibri,&quot;sans-serif&quot;\"><span dir=\"ltr\" lang=\"AZ-LATIN\" style=\"font-size:14.0pt\">&Uuml;rək xəstəliklərindən qoruyur,</span></span></span></li>\r\n\t<li><span style=\"font-size:11pt\"><span style=\"font-family:Calibri,&quot;sans-serif&quot;\"><span dir=\"ltr\" lang=\"AZ-LATIN\" style=\"font-size:14.0pt\">Qan şəkərini tənzimləyir, insulinin artmasına mane olur,</span></span></span></li>\r\n\t<li><span style=\"font-size:11pt\"><span style=\"font-family:Calibri,&quot;sans-serif&quot;\"><span dir=\"ltr\" lang=\"AZ-LATIN\" style=\"font-size:14.0pt\">Kiloya nəzarət etməyə k&ouml;mək edir,</span></span></span></li>\r\n\t<li><span style=\"font-size:11pt\"><span style=\"font-family:Calibri,&quot;sans-serif&quot;\"><span dir=\"ltr\" lang=\"AZ-LATIN\" style=\"font-size:14.0pt\">Həzm sistemi &uuml;&ccedil;&uuml;n ideal bir qidadır.</span></span></span></li>\r\n</ul>\r\n\r\n<p><span style=\"font-size:11pt\"><span style=\"font-family:Calibri,&quot;sans-serif&quot;\"><span dir=\"ltr\" lang=\"AZ-LATIN\" style=\"font-size:14.0pt\">Yulaf həm də dərinizin dostudur. Dərini g&ouml;zəlləşdirir, dəri sağlamlığını qoruyur. Dəri tonunun balansının qorunmasına k&ouml;mək edir, buna g&ouml;rə də bəzən hətta baxım &uuml;&ccedil;&uuml;n tərkibində yulaf olan peelinq və maskalar istifadə edirlər.</span></span></span></p>\r\n\r\n<p><span style=\"font-size:11pt\"><span style=\"font-family:Calibri,&quot;sans-serif&quot;\"><strong><span dir=\"ltr\" lang=\"AZ-LATIN\" style=\"font-size:14.0pt\">Yulaflı səhər yeməyi necə hazırlanır? </span></strong></span></span></p>\r\n\r\n<p><span style=\"font-size:11pt\"><span style=\"font-family:Calibri,&quot;sans-serif&quot;\"><span dir=\"ltr\" lang=\"AZ-LATIN\" style=\"font-size:14.0pt\">Yulafı yeməzdən əvvəl isti s&uuml;d&uuml;n i&ccedil;ərisində bir ne&ccedil;ə dəqiqə (adətən 5-10 dəq.) g&ouml;zlətmək və ya s&uuml;dlə birlikdə bişirmək olar. Yulaflı səhər yeməyinin i&ccedil;inə quru meyvələr, giləmeyvə, bal kimi qidalar əlavə edə bilərsiniz. (Təkcə s&uuml;dlə yulaf yeməyə &uuml;st&uuml;nl&uuml;k verənlər də var). G&ouml;rd&uuml;y&uuml;n&uuml;z kimi, tərkibində yulaf olan m&uuml;xtəlif dadlarda səhər yeməyi hazırlamaq olar. </span></span></span></p>\r\n\r\n<p><span style=\"font-size:11pt\"><span style=\"font-family:Calibri,&quot;sans-serif&quot;\"><span dir=\"ltr\" lang=\"AZ-LATIN\" style=\"font-size:14.0pt\">Əgər bol vitaminli səhər yeməyi ilə g&uuml;nə başlamaq istəyirsinizsə, Ecoproduct-un yulaflı məhsullarını sınayın. Proteinli, vitaminli, lifli səhər yeməyi g&uuml;nə g&uuml;mrah və enerjili, sağlam başlamaq &uuml;&ccedil;&uuml;n ən ideal se&ccedil;imdir. Bizdə təkcə yulaf yoxdur, həm də yulaf tərkibli və laktozasız s&uuml;d məhsullarımız var. Ecoproduct sağlamlığınız &uuml;&ccedil;&uuml;n yalnız faydalı və təbii məhsullar təklif edir</span></span></span></p>", "image": "blogs/Niyə_səhər_yeməyində_yulaf_olmalıdır_-_ecoproduct.png", "created": "2024-01-29T14:44:13.155Z", "updated": "2024-01-29T14:53:01.096Z", "is_main_page": true}}, {"model": "product.blog", "pk": 2, "fields": {"title": "Çətənə tərkibli məhsullar, çətənə toxumunun faydaları", "description": "<p><span style=\"font-size:11pt\"><span style=\"font-family:Calibri,&quot;sans-serif&quot;\"><strong><span dir=\"ltr\" lang=\"AZ-LATIN\" style=\"font-size:14.0pt\">&Ccedil;ətənə toxumunun tərkibi və faydaları</span></strong></span></span></p>\r\n\r\n<p><span style=\"font-size:11pt\"><span style=\"font-family:Calibri,&quot;sans-serif&quot;\"><span dir=\"ltr\" lang=\"AZ-LATIN\" style=\"font-size:14.0pt\">&Ccedil;ətənə toxumunun tərkibinin 30%-i yağdır, Omega-6 və Omega-3 baxımından zəngindir. &Ccedil;ətənə toxumu həm&ccedil;inin E vitamini, fosfor, sodium, maqnezium, dəmir kimi maddələrlə zəngin olduğundun sağlamlıq &uuml;&ccedil;&uuml;n &ccedil;ox faydalı hesab olunur. &Ccedil;ətənə toxumu yağı da xeyli faydalı bir qida vasitəsi kimi istifadə oluna bilər.</span></span></span></p>\r\n\r\n<p><span style=\"font-size:11pt\"><span style=\"font-family:Calibri,&quot;sans-serif&quot;\"><strong><span dir=\"ltr\" lang=\"AZ-LATIN\" style=\"font-size:14.0pt\">&Ccedil;ətənə tərkibli məhsulların &uuml;st&uuml;nl&uuml;kləri: </span></strong></span></span></p>\r\n\r\n<p><span style=\"font-size:11pt\"><span style=\"font-family:Calibri,&quot;sans-serif&quot;\"><span dir=\"ltr\" lang=\"AZ-LATIN\" style=\"font-size:14.0pt\">&Ccedil;ətənə toxumu &uuml;rək xəstəliklərinə qarşı profilaktik tədbir g&ouml;r&uuml;r. D&uuml;nyada &ouml;l&uuml;mə ən &ccedil;ox səbəb olan xəstəliklərdən biri də &uuml;rək-damar xəstəlikləridir. &Ccedil;ətənə məhsulları &uuml;rək-damar xəstəlikləri riskini minimuma endirir. Bəzi elmi araşdırmalar &ccedil;ətənənin autoimmun xəstəliklərinə qarşı da m&uuml;barizə apararaq &uuml;mumi orqanizmin sağlamlığına yaxşı təsir etdiyini ortaya qoymuşdur.</span></span></span></p>\r\n\r\n<p><span style=\"font-size:11pt\"><span style=\"font-family:Calibri,&quot;sans-serif&quot;\"><span dir=\"ltr\" lang=\"AZ-LATIN\" style=\"font-size:14.0pt\">Bu məhsullar: </span></span></span></p>\r\n\r\n<ul>\r\n\t<li><span style=\"font-size:11pt\"><span style=\"font-family:Calibri,&quot;sans-serif&quot;\"><span dir=\"ltr\" lang=\"AZ-LATIN\" style=\"font-size:14.0pt\"><span style=\"background-color:white\"><span style=\"color:black\">&Uuml;rək sağlamlığını qoruyur,</span></span></span></span></span></li>\r\n\t<li><span style=\"font-size:11pt\"><span style=\"font-family:Calibri,&quot;sans-serif&quot;\"><span dir=\"ltr\" lang=\"AZ-LATIN\" style=\"font-size:14.0pt\"><span style=\"background-color:white\"><span style=\"color:black\">İltihabəleyhinə vasitədir,</span></span></span></span></span></li>\r\n\t<li><span style=\"font-size:11pt\"><span style=\"font-family:Calibri,&quot;sans-serif&quot;\"><span dir=\"ltr\" lang=\"AZ-LATIN\" style=\"font-size:14.0pt\"><span style=\"background-color:white\"><span style=\"color:black\">Dəri problemlərini aradan qaldırır,</span></span></span></span></span></li>\r\n\t<li><span style=\"font-size:11pt\"><span style=\"font-family:Calibri,&quot;sans-serif&quot;\"><span dir=\"ltr\" lang=\"AZ-LATIN\" style=\"font-size:14.0pt\"><span style=\"background-color:white\"><span style=\"color:black\">Şəkərli diabet riskindən qoruyur,</span></span></span></span></span></li>\r\n\t<li><span style=\"font-size:11pt\"><span style=\"font-family:Calibri,&quot;sans-serif&quot;\"><span dir=\"ltr\" lang=\"AZ-LATIN\" style=\"font-size:14.0pt\"><span style=\"background-color:white\"><span style=\"color:black\">Metabolik sindrom və digər şikayətləri olanlar &uuml;&ccedil;&uuml;n faydalıdır.</span></span></span></span></span><br />\r\n\t<br />\r\n\t&nbsp;</li>\r\n</ul>\r\n\r\n<p style=\"margin-left:6px\"><span style=\"font-size:11pt\"><span style=\"font-family:Calibri,&quot;sans-serif&quot;\"><strong><span dir=\"ltr\" lang=\"AZ-LATIN\" style=\"font-size:14.0pt\"><span style=\"background-color:white\"><span style=\"color:black\">Ecoproduct &ndash; &ccedil;ətənə tərkibli məh</span></span></span></strong><strong><span dir=\"ltr\" lang=\"AZ-LATIN\" style=\"font-size:14.0pt\">sullar</span></strong></span></span></p>\r\n\r\n<p><span style=\"font-size:11pt\"><span style=\"font-family:Calibri,&quot;sans-serif&quot;\"><span dir=\"ltr\" lang=\"AZ-LATIN\" style=\"font-size:14.0pt\">Əgər immuniteti g&uuml;cləndirən məh</span><span dir=\"ltr\" lang=\"AZ-LATIN\" style=\"font-size:14.0pt\">sullar axtarırsınızsa, Ecoproduct-un &ccedil;ətənə tərkibli məhsulları ilə tanış olun.</span></span></span></p>\r\n\r\n<p><span style=\"font-size:11pt\"><span style=\"font-family:Calibri,&quot;sans-serif&quot;\"><span dir=\"ltr\" lang=\"AZ-LATIN\" style=\"font-size:14.0pt\">Bizim &ccedil;ətənə tərkibli məhsullarımız sizin sağlam qida siyahınızı tamamlayacaq:</span></span></span></p>\r\n\r\n<ul>\r\n\t<li><span style=\"font-size:11pt\"><span style=\"font-family:Calibri,&quot;sans-serif&quot;\"><span dir=\"ltr\" lang=\"AZ-LATIN\" style=\"font-size:14.0pt\">&Ccedil;ətənə sıyıqları (&ccedil;ətənə toxumlu sıyıqlar)</span></span></span></li>\r\n\t<li><span style=\"font-size:11pt\"><span style=\"font-family:Calibri,&quot;sans-serif&quot;\"><span dir=\"ltr\" lang=\"AZ-LATIN\" style=\"font-size:14.0pt\">&Ccedil;ətənə yağı</span></span></span></li>\r\n\t<li><span style=\"font-size:11pt\"><span style=\"font-family:Calibri,&quot;sans-serif&quot;\"><span dir=\"ltr\" lang=\"AZ-LATIN\" style=\"font-size:14.0pt\">&Ccedil;ətənə toxumlu pe&ccedil;enyelər (krekerlər)</span></span></span></li>\r\n\t<li><span style=\"font-size:11pt\"><span style=\"font-family:Calibri,&quot;sans-serif&quot;\"><span dir=\"ltr\" lang=\"AZ-LATIN\" style=\"font-size:14.0pt\">&Ccedil;ətənə tərkibli batonlar və s.</span></span></span></li>\r\n</ul>\r\n\r\n<p><span style=\"font-size:11pt\"><span style=\"font-family:Calibri,&quot;sans-serif&quot;\"><span dir=\"ltr\" lang=\"AZ-LATIN\" style=\"font-size:14.0pt\">&Uuml;rək və əzələlərin dostu &ccedil;ətənə məhsullarını &ccedil;alışın tez-tez istifadə edin, &ccedil;&uuml;nki sağlamlığınız hər şeydən dəyərlidir! </span></span></span></p>\r\n\r\n<p>&nbsp;</p>\r\n\r\n<p>&nbsp;</p>", "image": "blogs/çətənə_tərkibli_məhsullar_-_ecoproduct.png", "created": "2024-01-29T14:46:00.144Z", "updated": "2024-01-29T14:52:34.684Z", "is_main_page": true}}, {"model": "product.blog", "pk": 3, "fields": {"title": "Fıstıq əzməsi ilə ləzzətli resept", "description": "<p><span style=\"font-size:11pt\"><span style=\"font-family:Calibri,&quot;sans-serif&quot;\"><strong><span dir=\"ltr\" lang=\"AZ-LATIN\" style=\"font-size:14.0pt\">Ecoproduct fıstıq əzməsi</span></strong><br />\r\n<br />\r\n<span dir=\"ltr\" lang=\"AZ-LATIN\" style=\"font-size:14.0pt\">Fıstıq əzməsi hormonal balans yaradan qidalardan biridir. Fıstıq əzməsi yağı Omega-3, Omega-6, Omega-9 tərkiblidir, metabolizmi s&uuml;rətləndirir, &uuml;rəyi g&uuml;cləndirir. Bu qida həm də sizə bol enerji verəcək.</span></span></span></p>\r\n\r\n<p><span style=\"font-size:11pt\"><span style=\"font-family:Calibri,&quot;sans-serif&quot;\"><span dir=\"ltr\" lang=\"AZ-LATIN\" style=\"font-size:14.0pt\">Bəzi insanlar elə bilir ki, fıstıq əzməsini pəhriz zamanı yemək olmaz. Amma əmin olun ki, pəhrizdə də rahatlıqla istifadə edə biləcəksiniz. </span></span></span></p>\r\n\r\n<p><span style=\"font-size:11pt\"><span style=\"font-family:Calibri,&quot;sans-serif&quot;\"><strong><span dir=\"ltr\" lang=\"AZ-LATIN\" style=\"font-size:14.0pt\">Ləzzətli fıstıq əzməsi resepti </span></strong></span></span></p>\r\n\r\n<p><span style=\"font-size:11pt\"><span style=\"font-family:Calibri,&quot;sans-serif&quot;\"><span dir=\"ltr\" lang=\"AZ-LATIN\" style=\"font-size:14.0pt\">Sağlam həyat tərzinə maraqlı dadlar qatmaq &uuml;&ccedil;&uuml;n bizi izləməyə davam edin. İndi isə fıstıq əzməsi ilə rahat hazırlanan və ləzzətli resepti təqdim edək: </span></span></span></p>\r\n\r\n<p><span style=\"font-size:11pt\"><span style=\"font-family:Calibri,&quot;sans-serif&quot;\"><span dir=\"ltr\" lang=\"AZ-LATIN\" style=\"font-size:14.0pt\"><span style=\"background-color:white\"><span style=\"color:black\">Tərkibi:<br />\r\nYulaf lopası : 1,5 stəkan</span></span></span><br />\r\n<span dir=\"ltr\" lang=\"AZ-LATIN\" style=\"font-size:14.0pt\"><span style=\"color:black\"><span style=\"background-color:white\">Sante Crunchy yer fıstığı yağı: yarım stəkan</span><br />\r\n<span style=\"background-color:white\">Bal: 1/4 stəkan</span><br />\r\n<span style=\"background-color:white\">Vanil ekstraktı : 1 &ccedil;ay qaşığı</span><br />\r\n<span style=\"background-color:white\">Şokolad: 1/4 stəkan<br />\r\n<br />\r\nHazırlanması:</span><br />\r\n<br />\r\n<span style=\"background-color:white\">Yulafı blenderlə əzin. Ayrı bir qabda fıstıq yağı, bal və vanil ekstraktını qarışdırın. Yulaf unu və şokoladı əlavə edin və tam qarışana qədər qaşıqla yaxşı qarışdırın. </span>Daha <span style=\"background-color:white\">sonra 1 &ccedil;ay qaşığı &quot;xəmir&quot; (fıstıq yağı qarışığı) &ccedil;ıxarın və ovuclarınızın arasında bir top halına gətirin. Budur, dadına doya bilməyəcəyiniz fərqli ləzzət!</span></span></span></span></span></p>\r\n\r\n<p>&nbsp;</p>\r\n\r\n<p><span style=\"font-size:11pt\"><span style=\"font-family:Calibri,&quot;sans-serif&quot;\"><strong><span dir=\"ltr\" lang=\"AZ-LATIN\" style=\"font-size:14.0pt\">Fıstıq əzməsi fit qalmağa k&ouml;mək edir</span></strong></span></span></p>\r\n\r\n<p><span style=\"font-size:11pt\"><span style=\"font-family:Calibri,&quot;sans-serif&quot;\"><span dir=\"ltr\" lang=\"AZ-LATIN\" style=\"font-size:14.0pt\">Həm səhər yeməyində, həm də b&uuml;t&uuml;n g&uuml;n ərzində səni məmnun edəcək m&uuml;kəmməl bir qidadır fıstıq əzməsi</span><span dir=\"ltr\" lang=\"AZ-LATIN\" style=\"font-size:14.0pt\">.</span><span dir=\"ltr\" lang=\"AZ-LATIN\" style=\"font-size:14.0pt\">Hormonal balans yaradır, metabolizmi s&uuml;rətləndirir. Beləlikdə, həm fit, həm də sağlam qalırsınız.</span></span></span><br />\r\n&nbsp;</p>", "image": "blogs/Fıstıq_əzməsi_-_ecoproduct.png", "created": "2024-01-29T14:52:04.876Z", "updated": "2024-01-29T14:52:04.876Z", "is_main_page": true}}, {"model": "account.customuser", "pk": 1, "fields": {"password": "pbkdf2_sha256$720000$zvhbs7KlyTClvZpvQLzEhD$ihXsziJxDyeRyZm5yQGHhulEj69DjMj1wUfJPyZ0Trw=", "last_login": "2024-01-30T08:23:31.412Z", "is_superuser": true, "first_name": "", "last_name": "", "is_staff": true, "is_active": true, "date_joined": "2024-01-29T06:51:34.247Z", "email": "admin@gmail.com", "groups": [], "user_permissions": []}}]